Game_ID,Player_ID,Position,GameTotalMins,GameTotalDistance_km,Disposals,Disposal_efficiency,Goals,Tackles,Marks,Clearances,Margin,Rainfall_mm,Wind_mph
1,2,DEFENCE,108.5,13.2552,17,58.8,0,4,4,2,30,1.2,16
1,5,DEFENCE,115.4,14.2282,21,66.7,0,6,4,0,30,1.2,16
1,6,MIDFIELD,90.1,12.2865,12,66.7,0,5,3,2,30,1.2,16
1,7,DEFENCE,109.8,13.1969,19,78.9,1,2,2,2,30,1.2,16
1,8,FORWARD,109.3,15.2498,14,78.6,3,4,2,3,30,1.2,16
1,13,DEFENCE,116.5,13.2598,15,86.7,0,1,6,0,30,1.2,16
1,14,MIDFIELD,107.8,14.2644,17,76.5,0,2,5,7,30,1.2,16
1,16,MIDFIELD,95.8,11.875,21,71.4,3,4,3,6,30,1.2,16
1,21,DEFENCE,108.2,13.7973,11,81.8,0,2,2,0,30,1.2,16
1,22,MIDFIELD,91.8,12.0372,14,71.4,1,5,4,2,30,1.2,16
1,24,MIDFIELD,101.1,12.9835,23,73.9,0,5,2,7,30,1.2,16
1,27,DEFENCE,104.1,12.8562,5,60,1,4,2,0,30,1.2,16
1,28,FORWARD,96.2,12.9177,11,45.5,2,4,2,0,30,1.2,16
1,29,MIDFIELD,108.2,15.8354,21,71.4,1,5,3,4,30,1.2,16
1,31,MIDFIELD,97.5,11.8132,26,73.1,0,6,6,3,30,1.2,16
1,35,MIDFIELD,108.3,13.1251,43,65.1,0,5,5,7,30,1.2,16
1,38,MIDFIELD,111.3,12.7324,9,66.7,0,2,5,1,30,1.2,16
1,40,FORWARD,111.4,13.6362,6,100,0,3,3,0,30,1.2,16
1,42,FORWARD,95.3,12.8409,16,62.5,1,1,1,0,30,1.2,16
1,45,FORWARD,121.6,13.0414,10,60,2,3,2,0,30,1.2,16
1,47,DEFENCE,119.9,14.5053,4,100,0,5,4,0,30,1.2,16
1,52,MIDFIELD,95.8,11.6151,14,57.1,3,3,1,4,30,1.2,16
2,2,DEFENCE,104.9,12.765,22,100,0,2,9,0,-13,0,12
2,5,DEFENCE,110,15.352,24,70.8,0,4,3,0,-13,0,12
2,6,FORWARD,93.6,13.1188,11,72.7,1,2,0,1,-13,0,12
2,7,MIDFIELD,91.3,12.4623,23,82.6,0,1,2,1,-13,0,12
2,8,FORWARD,97.7,13.7278,20,80,1,2,7,0,-13,0,12
2,13,DEFENCE,106.7,12.5949,12,75,0,1,4,0,-13,0,12
2,14,MIDFIELD,95.7,12.7197,18,66.7,0,1,1,4,-13,0,12
2,16,MIDFIELD,90.9,11.9916,17,76.5,1,6,3,1,-13,0,12
2,21,DEFENCE,106.6,14.1436,15,86.7,0,1,4,0,-13,0,12
2,22,MIDFIELD,83.9,12.2455,12,66.7,0,2,5,0,-13,0,12
2,24,MIDFIELD,99.4,13.0073,22,68.2,0,3,4,6,-13,0,12
2,27,DEFENCE,102.5,12.4468,14,92.9,0,2,4,0,-13,0,12
2,28,FORWARD,96.8,13.6233,13,84.6,1,2,3,2,-13,0,12
2,29,MIDFIELD,99.4,14.4787,17,82.4,2,7,3,3,-13,0,12
2,31,MIDFIELD,42.5,5.9636002,7,71.4,0,1,1,2,-13,0,12
2,35,MIDFIELD,95.1,11.9997,23,73.9,0,3,3,3,-13,0,12
2,38,MIDFIELD,98.1,11.5148,8,100,2,2,3,0,-13,0,12
2,40,FORWARD,106.7,12.7463,7,28.6,0,1,3,0,-13,0,12
2,42,FORWARD,101.2,13.304,18,77.8,0,4,9,0,-13,0,12
2,45,FORWARD,108.9,12.3183,18,66.7,3,1,10,0,-13,0,12
2,47,DEFENCE,107.5,12.4073,13,100,0,1,5,0,-13,0,12
2,52,MIDFIELD,93.8,11.5716,11,72.7,0,1,2,3,-13,0,12
3,2,DEFENCE,105.9,13.1179,15,80,0,2,5,0,69,0,9
3,5,DEFENCE,106.3,14.7028,33,75.8,0,4,6,0,69,0,9
3,7,DEFENCE,97.8,13.5077,23,69.6,0,3,4,1,69,0,9
3,8,FORWARD,94.7,13.1135,9,77.8,0,6,1,0,69,0,9
3,9,FORWARD,109.5,14.6315,15,80,1,1,7,1,69,0,9
3,13,DEFENCE,118.1,14.7472,13,84.6,0,1,7,0,69,0,9
3,14,MIDFIELD,103.5,13.2903,22,72.7,1,8,3,3,69,0,9
3,16,MIDFIELD,96.4,13.3904,15,53.3,0,5,4,2,69,0,9
3,21,DEFENCE,110.6,14.7939,12,83.3,0,1,6,0,69,0,9
3,24,MIDFIELD,100.3,12.7136,34,73.5,0,7,3,13,69,0,9
3,27,DEFENCE,117.6,15.0391,12,75,0,2,7,0,69,0,9
3,28,FORWARD,101.6,14.2604,13,92.3,2,4,3,1,69,0,9
3,29,MIDFIELD,104.2,15.7741,20,75,1,6,6,1,69,0,9
3,31,MIDFIELD,92.8,11.8724,29,75.9,1,5,8,3,69,0,9
3,33,FORWARD,87.2,12.2867,8,75,0,2,1,0,69,0,9
3,35,MIDFIELD,89.8,10.773,26,73.1,3,4,3,5,69,0,9
3,38,MIDFIELD,78.5,10.0909,9,55.6,0,0,1,0,69,0,9
3,40,FORWARD,103.8,13.8208,16,68.8,3,5,5,1,69,0,9
3,42,MIDFIELD,104.2,14.3412,28,71.4,2,2,5,5,69,0,9
3,45,FORWARD,102.4,12.0843,13,53.8,4,2,6,0,69,0,9
3,48,DEFENCE,106.3,14.7688,17,88.2,0,0,9,0,69,0,9
3,52,MIDFIELD,82.4,10.1238,14,71.4,0,3,1,4,69,0,9
4,2,DEFENCE,90.4,12.152,22,81.8,0,4,8,2,30,0,16
4,6,FORWARD,85.8,12.821,10,60,1,4,1,0,30,0,16
4,7,MIDFIELD,75.8,11.008,18,83.3,0,6,1,2,30,0,16
4,8,FORWARD,89.2,12.938,11,63.6,1,2,3,2,30,0,16
4,9,FORWARD,88.2,12.963,18,50,0,3,8,0,30,0,16
4,13,DEFENCE,96.5,12.587,20,100,0,2,8,0,30,0,16
4,14,MIDFIELD,100,13.4,12,66.7,1,6,4,0,30,0,16
4,16,MIDFIELD,79.7,10.781,23,87,1,6,4,2,30,0,16
4,21,DEFENCE,91.4,13.304,12,91.7,0,2,3,1,30,0,16
4,22,DEFENCE,77.4,10.914,10,90,0,3,4,0,30,0,16
4,24,MIDFIELD,79.7,11.441,26,65.4,0,5,5,4,30,0,16
4,27,DEFENCE,99.1,13.313,17,88.2,0,1,10,0,30,0,16
4,29,MIDFIELD,101.8,15.322,14,85.7,0,2,5,1,30,0,16
4,31,MIDFIELD,76.2,10.523,27,77.8,0,4,4,4,30,0,16
4,33,FORWARD,88.5,12.838,13,76.9,1,7,4,1,30,0,16
4,35,MIDFIELD,82.4,10.89,27,77.8,0,2,5,5,30,0,16
4,38,MIDFIELD,90.9,11.337,8,75,1,3,1,1,30,0,16
4,42,FORWARD,91.2,12.688,24,70.8,2,0,4,1,30,0,16
4,45,FORWARD,93.7,11.355,12,58.3,0,2,5,0,30,0,16
4,47,DEFENCE,98.6,12.294,12,100,0,2,6,0,30,0,16
4,48,DEFENCE,92.3,14.16,17,70.6,0,1,2,1,30,0,16
4,52,MIDFIELD,77,10.66,6,66.7,1,4,2,0,30,0,16
5,2,DEFENCE,118.7,14.7977,10,70,0,2,4,0,48,0,4
5,5,DEFENCE,116.5,15.6072,24,75,0,1,8,0,48,0,4
5,6,FORWARD,74.5,10.5575,10,80,0,6,2,1,48,0,4
5,7,MIDFIELD,99.6,12.9194,25,76,1,4,2,3,48,0,4
5,9,FORWARD,108.1,14.8046,18,72.2,3,4,3,1,48,0,4
5,13,DEFENCE,111.4,13.962,21,95.2,0,2,10,0,48,0,4
5,14,MIDFIELD,104.6,13.3046,20,55,0,2,5,4,48,0,4
5,16,MIDFIELD,96.3,12.6669,22,50,1,4,1,5,48,0,4
5,21,DEFENCE,105,14.5747,9,88.9,0,3,6,0,48,0,4
5,24,MIDFIELD,97.1,12.6399,28,57.1,1,6,8,11,48,0,4
5,28,FORWARD,102.2,14.6557,14,64.3,2,2,4,2,48,0,4
5,29,MIDFIELD,102.1,14.9302,19,78.9,0,12,2,3,48,0,4
5,31,MIDFIELD,106.6,13.6781,29,79.3,0,7,4,3,48,0,4
5,33,FORWARD,80.4,11.0598,9,100,1,4,2,2,48,0,4
5,35,MIDFIELD,104.6,12.2947,29,55.2,2,7,3,7,48,0,4
5,38,MIDFIELD,95.5,11.4833,13,46.2,1,4,5,2,48,0,4
5,40,FORWARD,94.8,11.7905,8,62.5,2,2,3,0,48,0,4
5,42,MIDFIELD,107.6,13.4774,19,63.2,1,1,5,1,48,0,4
5,45,FORWARD,112.2,13.2055,12,58.3,1,0,9,0,48,0,4
5,47,DEFENCE,113.9,13.2987,13,100,0,2,6,0,48,0,4
5,48,DEFENCE,94.1,12.8831,10,90,0,3,1,0,48,0,4
5,52,MIDFIELD,81,10.2594,10,60,0,1,6,2,48,0,4
6,5,DEFENCE,109.2,14.8701,21,71.4,0,2,1,2,120,9.4,8
6,7,DEFENCE,89.4,12.0334,29,86.2,0,2,8,2,120,9.4,8
6,8,FORWARD,95.3,13.6765,22,81.8,2,6,8,2,120,9.4,8
6,9,FORWARD,101,13.6992,25,72,1,6,9,3,120,9.4,8
6,13,DEFENCE,117.7,13.6705,14,100,0,1,7,0,120,9.4,8
6,14,MIDFIELD,100.6,12.8684,30,83.3,0,0,14,6,120,9.4,8
6,15,DEFENCE,104.9,13.7085,13,69.2,0,4,5,0,120,9.4,8
6,16,MIDFIELD,91.2,12.1167,31,80.6,2,4,5,3,120,9.4,8
6,21,DEFENCE,107.5,14.6969,11,81.8,0,1,6,0,120,9.4,8
6,24,MIDFIELD,95.4,12.5562,32,75,1,5,8,7,120,9.4,8
6,27,DEFENCE,114.3,14.4911,21,90.5,0,4,11,0,120,9.4,8
6,28,FORWARD,70.2,9.4403,9,55.6,0,3,1,1,120,9.4,8
6,29,MIDFIELD,102,14.5886,21,85.7,0,7,6,5,120,9.4,8
6,31,MIDFIELD,96,12.8716,27,85.2,1,5,10,1,120,9.4,8
6,33,FORWARD,79.1,10.6979,12,66.7,3,4,1,2,120,9.4,8
6,34,MIDFIELD,85.3,11.4368,6,83.3,1,5,2,0,120,9.4,8
6,35,MIDFIELD,110.9,12.9498,30,50,2,5,6,5,120,9.4,8
6,40,FORWARD,100.4,12.5505,16,68.8,4,4,7,0,120,9.4,8
6,42,FORWARD,100.9,13.1704,26,92.3,3,1,6,0,120,9.4,8
6,45,FORWARD,122,13.4406,24,70.8,4,5,11,0,120,9.4,8
6,47,DEFENCE,110.3,12.2455,10,90,0,1,7,0,120,9.4,8
6,52,MIDFIELD,93.3,11.4,15,93.3,1,1,3,3,120,9.4,8
7,2,DEFENCE,105.6,12.9952,17,52.9,1,5,4,0,44,0,7
7,5,DEFENCE,109,14.9896,14,85.7,0,7,5,0,44,0,7
7,7,DEFENCE,96.3,12.6354,24,87.5,2,1,0,5,44,0,7
7,8,FORWARD,93.9,12.8071,17,88.2,0,3,5,0,44,0,7
7,9,FORWARD,107.7,14.6935,13,53.8,1,3,4,0,44,0,7
7,13,DEFENCE,114.8,13.2359,7,71.4,0,8,2,0,44,0,7
7,14,MIDFIELD,107.4,13.9878,28,75,1,3,7,5,44,0,7
7,16,MIDFIELD,98.7,13.458,26,76.9,1,4,5,3,44,0,7
7,24,MIDFIELD,101.2,12.7391,35,77.1,0,3,1,9,44,0,7
7,27,DEFENCE,116.2,14.4065,12,91.7,0,0,6,0,44,0,7
7,28,FORWARD,13.4,1.9632,3,33.3,0,1,0,0,44,0,7
7,29,MIDFIELD,105.2,15.0226,20,75,0,10,5,6,44,0,7
7,31,MIDFIELD,103.4,13.6604,24,79.2,0,3,9,2,44,0,7
7,33,FORWARD,73.7,9.8717003,11,72.7,1,4,4,1,44,0,7
7,35,MIDFIELD,112.4,13.3483,26,76.9,0,4,9,6,44,0,7
7,38,MIDFIELD,98.5,11.1047,9,66.7,1,3,4,1,44,0,7
7,40,FORWARD,117.2,14.2475,18,77.8,3,2,9,0,44,0,7
7,42,FORWARD,113.8,14.1694,25,84,4,3,4,2,44,0,7
7,45,FORWARD,123.4,13.3525,12,66.7,3,6,4,0,44,0,7
7,47,DEFENCE,118.6,12.8495,15,73.3,0,1,7,0,44,0,7
7,48,DEFENCE,102,13.2144,17,82.4,0,3,4,1,44,0,7
7,52,MIDFIELD,89.1,11.3565,9,77.8,0,0,0,3,44,0,7
8,2,DEFENCE,105.6,14.2448,13,46.2,0,0,6,0,26,3.4,1
8,5,DEFENCE,105.7,14.8855,23,73.9,1,0,9,2,26,3.4,1
8,6,FORWARD,105.6,15.4272,8,75,0,6,2,1,26,3.4,1
8,7,MIDFIELD,89.5,12.3948,36,83.3,0,10,4,8,26,3.4,1
8,8,FORWARD,94.4,13.5653,12,75,1,1,3,1,26,3.4,1
8,9,FORWARD,110.7,15.5892,18,66.7,1,2,8,1,26,3.4,1
8,13,DEFENCE,118.5,13.4302,12,83.3,0,2,7,0,26,3.4,1
8,14,MIDFIELD,111.6,14.5972,25,80,0,2,8,1,26,3.4,1
8,15,DEFENCE,104.6,13.1062,18,72.2,0,5,4,1,26,3.4,1
8,16,MIDFIELD,101.7,13.2617,21,42.9,1,7,3,2,26,3.4,1
8,24,MIDFIELD,104.5,13.6831,24,50,0,4,2,4,26,3.4,1
8,27,DEFENCE,123.7,14.1006,16,87.5,0,4,9,0,26,3.4,1
8,29,MIDFIELD,103.4,15.3017,15,80,0,8,5,1,26,3.4,1
8,31,MIDFIELD,107.7,14.7521,22,95.5,1,2,2,5,26,3.4,1
8,35,MIDFIELD,106.2,13.0827,33,51.5,0,11,3,6,26,3.4,1
8,38,MIDFIELD,96.2,12.1376,13,53.8,1,4,3,3,26,3.4,1
8,40,FORWARD,117.2,14.6431,13,69.2,3,4,6,1,26,3.4,1
8,42,MIDFIELD,111.5,14.8916,24,70.8,4,3,1,3,26,3.4,1
8,45,FORWARD,115.3,13.6043,8,50,0,3,4,1,26,3.4,1
8,47,,5,0.62660003,0,0,0,0,0,0,26,3.4,1
8,48,DEFENCE,97.8,13.5868,13,69.2,0,2,5,1,26,3.4,1
8,52,MIDFIELD,91.2,12.1482,15,66.7,0,1,3,1,26,3.4,1
9,2,DEFENCE,95.8,12.3986,18,72.2,0,3,3,1,-24,1.8,17
9,5,DEFENCE,96.7,14.0085,19,73.7,0,1,5,2,-24,1.8,17
9,6,FORWARD,87.7,12.7505,13,76.9,0,7,2,1,-24,1.8,17
9,7,MIDFIELD,94.2,12.4252,19,78.9,0,7,3,2,-24,1.8,17
9,8,FORWARD,88,12.1084,23,73.9,1,3,6,2,-24,1.8,17
9,9,FORWARD,102.8,14.4941,15,73.3,1,1,6,0,-24,1.8,17
9,12,MIDFIELD,76.2,10.8876,9,88.9,0,2,1,2,-24,1.8,17
9,13,DEFENCE,110.7,12.3007,10,70,0,1,5,0,-24,1.8,17
9,14,MIDFIELD,105.8,13.5345,23,69.6,0,4,7,2,-24,1.8,17
9,15,DEFENCE,92.6,11.2119,12,91.7,0,3,6,0,-24,1.8,17
9,16,MIDFIELD,88,11.548,21,52.4,1,6,5,4,-24,1.8,17
9,24,MIDFIELD,92.2,12.1831,18,66.7,0,6,1,6,-24,1.8,17
9,27,DEFENCE,114.9,13.6522,14,78.6,0,4,6,0,-24,1.8,17
9,29,MIDFIELD,93.1,13.8778,17,88.2,0,7,4,2,-24,1.8,17
9,31,MIDFIELD,89,11.9778,25,64,1,8,6,2,-24,1.8,17
9,35,MIDFIELD,89.3,11.2734,21,57.1,0,7,9,3,-24,1.8,17
9,38,MIDFIELD,85.4,10.8334,8,75,1,2,3,0,-24,1.8,17
9,40,FORWARD,95.4,12.0469,6,66.7,0,3,4,0,-24,1.8,17
9,42,MIDFIELD,103.5,13.013,12,41.7,1,2,3,1,-24,1.8,17
9,45,FORWARD,109.2,12.622,12,58.3,4,4,5,0,-24,1.8,17
9,48,DEFENCE,87,11.7019,16,81.3,0,0,6,0,-24,1.8,17
9,52,MIDFIELD,72,9.4493999,10,40,1,4,0,2,-24,1.8,17
10,2,DEFENCE,94.4,13.098,18,66.7,0,3,5,1,-19,0,0
10,4,FORWARD,91.8,12.549,16,93.8,1,1,3,1,-19,0,0
10,5,DEFENCE,111.3,16.378,26,76.9,1,4,6,1,-19,0,0
10,6,FORWARD,97.6,13.866,17,64.7,2,3,3,0,-19,0,0
10,7,MIDFIELD,86.7,12.466,27,81.5,2,1,5,2,-19,0,0
10,8,FORWARD,96.4,13.569,8,75,0,4,1,0,-19,0,0
10,13,DEFENCE,116.2,14.312,15,73.3,0,2,5,0,-19,0,0
10,14,MIDFIELD,108.9,14.319,24,70.8,1,7,6,3,-19,0,0
10,16,MIDFIELD,96.9,12.788,20,75,0,2,5,5,-19,0,0
10,21,DEFENCE,108.7,15.179,14,85.7,0,2,2,0,-19,0,0
10,22,DEFENCE,100.1,14.497,18,83.3,0,1,1,1,-19,0,0
10,24,MIDFIELD,90.2,11.81,26,73.1,0,4,2,3,-19,0,0
10,27,DEFENCE,112.2,14.169,18,77.8,0,2,8,1,-19,0,0
10,29,MIDFIELD,94.2,13.968,9,77.8,0,5,2,1,-19,0,0
10,31,MIDFIELD,100.9,13.709,32,90.6,0,6,5,3,-19,0,0
10,35,MIDFIELD,108.2,13.647,31,80.6,0,6,7,7,-19,0,0
10,38,MIDFIELD,83.1,10.216,19,78.9,1,1,5,4,-19,0,0
10,40,FORWARD,106.2,14.459,11,54.5,0,3,5,0,-19,0,0
10,42,MIDFIELD,103.1,12.489,15,73.3,2,0,1,1,-19,0,0
10,45,FORWARD,117.4,13.428,13,69.2,1,5,8,0,-19,0,0
10,47,DEFENCE,112.6,13.792,12,75,0,2,3,0,-19,0,0
10,52,MIDFIELD,89,11.761,10,50,1,5,0,1,-19,0,0
11,2,DEFENCE,113.8,14.8268,16,81.3,0,4,3,0,10,4.8,4
11,5,DEFENCE,112.9,16.0233,25,72,0,4,4,3,10,4.8,4
11,7,MIDFIELD,97.5,13.6215,27,85.2,2,3,1,6,10,4.8,4
11,8,FORWARD,77.2,11.7838,10,60,0,1,2,0,10,4.8,4
11,9,FORWARD,113.5,14.7137,14,64.3,3,1,4,0,10,4.8,4
11,13,DEFENCE,120.1,14.5472,14,57.1,0,1,4,0,10,4.8,4
11,14,MIDFIELD,116.6,15.4025,25,76,0,5,4,2,10,4.8,4
11,16,MIDFIELD,100.1,14.0429,27,59.3,0,3,1,2,10,4.8,4
11,21,DEFENCE,109.9,14.9075,7,57.1,0,3,1,1,10,4.8,4
11,22,MIDFIELD,85.1,12.4005,12,66.7,1,1,5,0,10,4.8,4
11,24,MIDFIELD,99.4,12.9798,29,72.4,1,7,2,8,10,4.8,4
11,27,DEFENCE,121.3,15.552,14,71.4,1,0,6,0,10,4.8,4
11,28,FORWARD,85.9,12.1183,11,72.7,1,0,0,1,10,4.8,4
11,29,MIDFIELD,95.8,14.7571,18,72.2,0,4,1,4,10,4.8,4
11,31,MIDFIELD,106.1,14.3112,23,60.9,0,2,1,1,10,4.8,4
11,35,MIDFIELD,102.4,13.6852,32,65.6,0,5,2,8,10,4.8,4
11,40,FORWARD,101.1,12.973,17,70.6,2,2,4,0,10,4.8,4
11,42,MIDFIELD,105.3,14.3765,14,64.3,0,0,4,2,10,4.8,4
11,45,FORWARD,120.8,13.7077,14,57.1,2,4,7,0,10,4.8,4
11,47,DEFENCE,105.6,13.2903,12,91.7,0,4,4,0,10,4.8,4
11,48,DEFENCE,83.6,11.2553,7,57.1,0,3,1,0,10,4.8,4
11,52,MIDFIELD,97.8,12.5257,19,68.4,1,4,0,10,10,4.8,4
12,2,DEFENCE,104.18,14.0349,18,83.3,0,1,6,0,31,0,0
12,5,DEFENCE,107.17,14.4915,18,72.2,0,0,5,2,31,0,0
12,7,MIDFIELD,84.83,12.3071,15,66.7,0,2,1,2,31,0,0
12,8,FORWARD,86.8,9.5725002,11,81.8,1,0,2,0,31,0,0
12,9,FORWARD,106.22,13.1695,14,85.7,4,0,6,0,31,0,0
12,13,DEFENCE,113.75,13.9754,21,85.7,0,3,11,0,31,0,0
12,14,MIDFIELD,103.77,13.1824,25,72,2,4,2,4,31,0,0
12,16,MIDFIELD,106.83,14.1438,19,73.7,1,1,3,3,31,0,0
12,21,DEFENCE,100.33,13.018,4,100,0,3,0,1,31,0,0
12,22,MIDFIELD,91.08,13.0823,8,62.5,0,2,2,1,31,0,0
12,24,MIDFIELD,95.07,12.496,38,76.3,0,5,8,8,31,0,0
12,27,DEFENCE,115.92,14.7901,8,75,0,1,2,0,31,0,0
12,28,FORWARD,93.48,13.0499,8,62.5,0,4,1,1,31,0,0
12,29,MIDFIELD,89.72,14.2843,23,78.3,0,3,8,4,31,0,0
12,31,MIDFIELD,91.62,12.1439,23,82.6,1,5,8,1,31,0,0
12,35,MIDFIELD,97.1,12.6518,48,83.3,2,3,13,13,31,0,0
12,38,FORWARD,99.78,12.1524,6,50,0,1,0,2,31,0,0
12,40,FORWARD,95.73,12.0887,14,85.7,3,2,5,0,31,0,0
12,42,MIDFIELD,98.72,14.086,15,60,1,1,4,1,31,0,0
12,47,DEFENCE,101.08,11.6889,9,88.9,0,0,2,0,31,0,0
12,48,DEFENCE,83.5,9.7149,18,94.4,0,2,3,1,31,0,0
12,52,MIDFIELD,98.12,12.5905,17,58.8,0,3,2,3,31,0,0
13,2,DEFENCE,95.6,13.207,15,93.3,0,2,6,0,57,0,0
13,5,DEFENCE,98.4,14.267,27,92.6,0,2,6,1,57,0,0
13,6,FORWARD,85.3,12.482,14,92.9,0,5,6,0,57,0,0
13,9,FORWARD,97.8,13.585,10,80,4,3,6,0,57,0,0
13,13,DEFENCE,100.1,12.541,14,92.9,0,1,7,1,57,0,0
13,14,MIDFIELD,99.4,13.435,27,85.2,0,7,7,4,57,0,0
13,16,MIDFIELD,79.8,11.103,16,81.3,1,5,3,2,57,0,0
13,21,DEFENCE,100.2,14.068,14,71.4,0,3,6,0,57,0,0
13,22,MIDFIELD,78.8,12.502,21,90.5,1,3,11,1,57,0,0
13,24,MIDFIELD,87.6,12.422,28,71.4,2,4,1,9,57,0,0
13,27,DEFENCE,102.9,13.558,19,78.9,0,4,9,0,57,0,0
13,28,FORWARD,83,12.141,10,50,0,1,5,0,57,0,0
13,29,MIDFIELD,92.4,14.161,16,81.3,0,11,8,2,57,0,0
13,31,MIDFIELD,89.8,12.66,20,75,0,7,9,2,57,0,0
13,35,MIDFIELD,93.1,12.303,37,73,2,7,4,8,57,0,0
13,38,MIDFIELD,88.4,12.188,9,66.7,0,1,2,2,57,0,0
13,40,FORWARD,89.7,12.562,8,75,0,0,2,0,57,0,0
13,42,MIDFIELD,98.2,14.048,27,77.8,2,2,5,1,57,0,0
13,45,FORWARD,100.7,12.261,10,90,4,1,5,0,57,0,0
13,47,DEFENCE,95.6,12.486,14,92.9,0,3,6,0,57,0,0
13,48,DEFENCE,74.4,10.922,18,55.6,0,1,10,1,57,0,0
13,52,MIDFIELD,73.5,9.6440001,11,72.7,0,5,1,2,57,0,0
14,2,DEFENCE,97.8,13.488619,16,75,0,4,4,0,-3,0,0
14,5,DEFENCE,111.4,15.710291,25,80,0,1,6,1,-3,0,0
14,6,FORWARD,89.3,12.699534,13,46.2,0,2,4,0,-3,0,0
14,7,MIDFIELD,92.7,9.9782915,25,88,0,1,3,4,-3,0,0
14,9,FORWARD,100.8,14.188399,15,73.3,1,3,3,0,-3,0,0
14,13,DEFENCE,108.7,13.516511,15,66.7,0,3,5,1,-3,0,0
14,14,MIDFIELD,104.5,13.884112,12,58.3,0,3,3,0,-3,0,0
14,21,DEFENCE,104.4,14.698602,16,81.3,0,3,8,0,-3,0,0
14,22,MIDFIELD,94.2,14.002316,13,61.5,1,3,6,0,-3,0,0
14,24,MIDFIELD,96.5,13.151743,29,72.4,0,7,4,6,-3,0,0
14,27,DEFENCE,97.3,12.566182,20,90,0,1,10,0,-3,0,0
14,28,FORWARD,92.7,12.590356,18,55.6,3,2,5,0,-3,0,0
14,29,MIDFIELD,87.9,13.751122,19,78.9,1,2,8,1,-3,0,0
14,31,MIDFIELD,97.6,13.041224,22,86.4,0,5,8,0,-3,0,0
14,35,MIDFIELD,100,13.152538,29,72.4,1,2,3,9,-3,0,0
14,38,MIDFIELD,88.1,10.575113,19,73.7,0,2,7,2,-3,0,0
14,40,FORWARD,82.4,11.295111,8,87.5,1,1,4,0,-3,0,0
14,42,MIDFIELD,94.3,13.292381,15,73.3,1,2,5,0,-3,0,0
14,45,FORWARD,108.8,13.211216,8,75,3,0,2,0,-3,0,0
14,47,DEFENCE,100.6,12.711369,13,92.3,1,0,5,0,-3,0,0
14,48,DEFENCE,87.2,12.33967,21,71.4,0,3,9,1,-3,0,0
14,52,MIDFIELD,82.2,11.508287,15,60,0,2,5,2,-3,0,0
15,2,DEFENCE,100.9,13.8861,28,78.6,0,6,5,1,-38,8.4,2
15,5,DEFENCE,96.2,14.0433,19,78.9,1,2,5,1,-38,8.4,2
15,7,MIDFIELD,81.5,11.6818,15,66.7,0,1,3,1,-38,8.4,2
15,8,FORWARD,99.1,14.2517,8,62.5,0,1,2,1,-38,8.4,2
15,9,FORWARD,100.2,13.2049,11,81.8,2,1,3,0,-38,8.4,2
15,13,DEFENCE,116,14.2989,15,86.7,0,2,6,0,-38,8.4,2
15,14,MIDFIELD,103,11.7946,16,50,0,5,3,1,-38,8.4,2
15,21,DEFENCE,85.4,12.1825,9,55.6,0,5,1,0,-38,8.4,2
15,22,MIDFIELD,90.9,13.5109,13,84.6,1,1,6,1,-38,8.4,2
15,24,MIDFIELD,96.9,13.5596,23,65.2,0,6,4,10,-38,8.4,2
15,27,DEFENCE,107.9,14.2404,10,50,0,3,4,0,-38,8.4,2
15,28,FORWARD,81.7,11.2164,7,85.7,0,5,2,0,-38,8.4,2
15,29,MIDFIELD,103.9,16.4781,15,66.7,0,4,1,3,-38,8.4,2
15,30,,88.5,11.4389,10,70,0,3,3,1,-38,8.4,2
15,31,MIDFIELD,90.1,12.6727,24,75,0,7,3,3,-38,8.4,2
15,33,FORWARD,69,10.2447,14,57.1,1,5,4,1,-38,8.4,2
15,35,MIDFIELD,97.6,12.9608,34,67.6,1,4,6,8,-38,8.4,2
15,42,MIDFIELD,96.9,12.8753,17,58.8,0,4,3,1,-38,8.4,2
15,45,FORWARD,99,11.4329,8,62.5,2,3,2,0,-38,8.4,2
15,47,DEFENCE,101.9,11.9832,13,76.9,0,0,2,0,-38,8.4,2
15,48,DEFENCE,87.9,11.7119,14,78.6,0,3,2,0,-38,8.4,2
15,52,MIDFIELD,93.1,12.5302,14,64.3,1,4,3,2,-38,8.4,2
16,2,DEFENCE,97.5,13.5638,26,61.5,0,5,8,0,17,0,9
16,5,DEFENCE,105.2,15.2316,30,93.3,0,2,12,2,17,0,9
16,7,MIDFIELD,90.5,12.8344,25,72,0,1,2,3,17,0,9
16,9,FORWARD,87.1,13.1904,12,66.7,1,1,4,0,17,0,9
16,13,DEFENCE,112.2,14.2959,19,89.5,0,2,5,0,17,0,9
16,17,MIDFIELD,83.9,12.5734,11,100,0,5,4,0,17,0,9
16,21,DEFENCE,106.6,15.0402,21,71.4,0,3,8,1,17,0,9
16,22,FORWARD,94.9,14.9393,14,78.6,1,3,2,0,17,0,9
16,24,MIDFIELD,99.6,14.2801,31,61.3,0,9,4,6,17,0,9
16,27,DEFENCE,70.3,9.5179996,13,76.9,0,3,5,0,17,0,9
16,28,FORWARD,94.9,14.0328,10,80,0,7,1,0,17,0,9
16,29,MIDFIELD,98.3,15.9356,13,92.3,0,6,4,0,17,0,9
16,31,MIDFIELD,98.4,13.7722,25,72,0,7,5,4,17,0,9
16,33,FORWARD,73,11.1611,12,66.7,1,3,2,2,17,0,9
16,35,MIDFIELD,101.4,12.7927,31,61.3,4,3,5,4,17,0,9
16,38,MIDFIELD,85.8,11.1752,10,100,1,2,3,0,17,0,9
16,40,FORWARD,107.7,14.6602,14,50,0,4,7,2,17,0,9
16,42,FORWARD,102,14.4065,26,76.9,0,4,5,2,17,0,9
16,45,FORWARD,107.4,13.3764,8,50,1,5,3,0,17,0,9
16,47,DEFENCE,108.1,13.0046,17,88.2,0,3,6,0,17,0,9
16,48,DEFENCE,93.4,12.8186,22,63.6,0,4,6,3,17,0,9
16,52,MIDFIELD,90.3,11.856,13,92.3,2,2,6,5,17,0,9
17,2,DEFENCE,106,13.9665,16,56.3,0,3,2,1,30,18.6,7
17,5,DEFENCE,102.5,14.8699,31,80.6,0,2,6,3,30,18.6,7
17,7,MIDFIELD,87.5,12.795,25,44,1,7,1,2,30,18.6,7
17,9,FORWARD,102.4,14.2626,17,70.6,4,3,5,0,30,18.6,7
17,13,DEFENCE,116,13.9768,9,100,0,0,6,0,30,18.6,7
17,14,MIDFIELD,101.9,13.7897,34,73.5,0,5,3,9,30,18.6,7
17,15,DEFENCE,106.1,13.9942,14,78.6,0,2,5,0,30,18.6,7
17,17,MIDFIELD,89.1,13.2358,12,91.7,0,6,4,1,30,18.6,7
17,21,DEFENCE,98.9,14.6549,11,90.9,0,3,4,0,30,18.6,7
17,24,MIDFIELD,93.8,13.0728,34,70.6,0,4,3,5,30,18.6,7
17,28,FORWARD,90.7,12.7421,10,60,1,3,2,1,30,18.6,7
17,29,MIDFIELD,87.3,14.2083,21,81,0,4,5,3,30,18.6,7
17,31,MIDFIELD,94.9,13.8195,21,57.1,0,5,3,1,30,18.6,7
17,33,FORWARD,92.6,14.2668,11,81.8,1,3,2,0,30,18.6,7
17,35,MIDFIELD,99.2,12.7331,36,61.1,0,6,3,6,30,18.6,7
17,38,MIDFIELD,95.8,13.3534,13,46.2,1,2,6,1,30,18.6,7
17,40,FORWARD,99.6,13.5921,14,85.7,0,3,3,0,30,18.6,7
17,41,MIDFIELD,80,12.6229,26,65.4,0,5,5,5,30,18.6,7
17,42,FORWARD,101.8,13.6583,24,54.2,0,7,2,1,30,18.6,7
17,45,FORWARD,101.1,12.6643,12,66.7,4,6,5,0,30,18.6,7
17,47,DEFENCE,94.5,11.4146,8,87.5,0,4,2,0,30,18.6,7
17,48,DEFENCE,94.9,12.837,15,73.3,0,1,5,0,30,18.6,7
18,2,DEFENCE,100.8,12.716,26,80.8,0,4,7,0,25,0,6
18,5,DEFENCE,107.5,15.7444,27,77.8,0,4,2,2,25,0,6
18,7,MIDFIELD,83.5,11.4786,15,80,0,9,3,3,25,0,6
18,9,FORWARD,107,14.2408,15,60,1,1,1,1,25,0,6
18,13,DEFENCE,118.1,14.2777,9,100,0,1,3,0,25,0,6
18,14,MIDFIELD,108.8,13.593,25,84,1,2,7,2,25,0,6
18,15,DEFENCE,90.8,12.1737,12,83.3,0,2,6,0,25,0,6
18,17,MIDFIELD,91.2,12.9104,15,73.3,0,4,5,0,25,0,6
18,21,DEFENCE,101.9,14.6735,15,66.7,0,2,3,0,25,0,6
18,24,MIDFIELD,97.6,13.3735,22,77.3,0,10,1,4,25,0,6
18,28,FORWARD,85.6,12.1678,11,63.6,0,1,3,1,25,0,6
18,29,MIDFIELD,96.8,14.8484,17,64.7,0,8,4,0,25,0,6
18,31,MIDFIELD,100.2,13.6884,25,76,1,5,4,3,25,0,6
18,33,FORWARD,90,13.1859,11,54.5,0,5,2,2,25,0,6
18,35,MIDFIELD,107.3,13.8485,33,69.7,3,4,5,6,25,0,6
18,38,FORWARD,103.1,13.3711,16,93.8,5,2,7,1,25,0,6
18,41,,92,12.5241,19,73.7,0,6,3,3,25,0,6
18,42,FORWARD,97,12.9146,21,76.2,3,5,2,3,25,0,6
18,45,FORWARD,114.7,13.2699,15,80,2,2,2,0,25,0,6
18,47,DEFENCE,104.1,12.6036,15,93.3,0,2,5,1,25,0,6
18,48,DEFENCE,101.4,13.8661,17,88.2,0,2,4,2,25,0,6
18,52,MIDFIELD,92.5,11.8704,15,73.3,0,2,5,4,25,0,6
19,2,DEFENCE,99.9,12.5908,16,81.3,0,1,2,1,66,0,0
19,5,DEFENCE,99.1,13.4928,29,62.1,0,3,10,1,66,0,0
19,7,DEFENCE,90.3,12.2348,29,89.7,1,1,7,2,66,0,0
19,7,DEFENCE,90.3,12.2348,29,89.7,1,1,7,2,66,0,0
19,9,FORWARD,64,7.9538999,5,60,0,0,2,0,66,0,0
19,13,DEFENCE,100.6,12.9611,23,100,0,2,13,0,66,0,0
19,14,FORWARD,98.8,12.6672,20,75,0,1,4,3,66,0,0
19,15,DEFENCE,85.9,11.7698,8,100,0,2,2,0,66,0,0
19,16,FORWARD,94.4,12.7346,19,73.7,2,1,4,1,66,0,0
19,17,MIDFIELD,78.2,11.3273,20,85,2,1,4,0,66,0,0
19,24,MIDFIELD,86.1,10.9355,22,86.4,0,4,3,4,66,0,0
19,27,DEFENCE,103.9,13.9304,22,72.7,0,3,8,0,66,0,0
19,29,MIDFIELD,78.4,12.6198,21,90.5,0,2,4,2,66,0,0
19,31,MIDFIELD,91.2,11.8846,24,83.3,1,1,11,1,66,0,0
19,33,FORWARD,75.7,11.4205,15,53.3,2,2,6,0,66,0,0
19,35,MIDFIELD,98.5,12.3091,29,79.3,1,1,7,7,66,0,0
19,38,FORWARD,91.6,11.6378,8,75,1,2,3,1,66,0,0
19,41,,89.5,13.0932,26,73.1,1,3,3,2,66,0,0
19,42,FORWARD,102.4,10.8967,20,80,1,0,7,1,66,0,0
19,43,MIDFIELD,96.3,13.8889,16,87.5,0,2,2,0,66,0,0
19,45,FORWARD,101.2,11.3057,15,40,3,1,10,0,66,0,0
19,47,DEFENCE,96,11.7509,11,81.8,0,1,3,0,66,0,0
19,52,MIDFIELD,83,10.635,6,100,0,3,0,2,66,0,0
20,5,DEFENCE,100,14.8297,26,88.5,0,2,10,0,4,1.8,9
20,7,DEFENCE,89.8,12.4257,23,91.3,0,2,9,2,4,1.8,9
20,13,DEFENCE,107.8,11.6551,15,100,1,0,7,0,4,1.8,9
20,14,MIDFIELD,86,12.1435,15,66.7,0,3,4,1,4,1.8,9
20,16,FORWARD,89.4,11.8845,19,78.9,1,2,4,2,4,1.8,9
20,17,MIDFIELD,77.4,11.9125,20,85,0,1,5,0,4,1.8,9
20,21,DEFENCE,99.5,13.7333,11,72.7,0,2,6,0,4,1.8,9
20,24,MIDFIELD,96.4,13.3441,30,76.7,1,5,3,4,4,1.8,9
20,27,DEFENCE,108.1,14.0771,20,85,0,1,8,0,4,1.8,9
20,28,FORWARD,87.6,12.4601,13,76.9,2,0,7,0,4,1.8,9
20,29,MIDFIELD,87.4,13.7888,17,64.7,0,5,3,3,4,1.8,9
20,31,MIDFIELD,97.5,13.6278,17,64.7,0,2,4,0,4,1.8,9
20,35,MIDFIELD,101.9,12.97,30,70,0,3,4,6,4,1.8,9
20,38,MIDFIELD,90.7,12.0106,19,84.2,0,1,7,4,4,1.8,9
20,40,FORWARD,93.5,12.7589,11,81.8,0,2,5,1,4,1.8,9
20,41,MIDFIELD,74.7,11.7597,21,85.7,2,1,5,2,4,1.8,9
20,42,MIDFIELD,97.4,13.436,17,70.6,1,4,5,1,4,1.8,9
20,43,MIDFIELD,92.5,14.0004,25,84,0,4,8,3,4,1.8,9
20,45,FORWARD,104.8,12.2683,14,71.4,1,3,4,0,4,1.8,9
20,47,DEFENCE,106.3,13.5305,12,100,0,2,4,0,4,1.8,9
20,48,DEFENCE,93.9,13.3415,14,71.4,0,5,5,1,4,1.8,9
20,52,MIDFIELD,82.5,10.7599,11,81.8,1,2,3,2,4,1.8,9
21,2,DEFENCE,106,12.992,21,81,0,3,4,0,60,4.4,8
21,5,DEFENCE,106.2,14.5889,24,87.5,1,2,8,1,60,4.4,8
21,7,DEFENCE,107.6,14.7145,21,71.4,1,5,4,2,60,4.4,8
21,8,FORWARD,108.5,14.7977,18,44.4,0,3,4,2,60,4.4,8
21,13,DEFENCE,106.5,13.8404,18,83.3,0,1,8,0,60,4.4,8
21,17,MIDFIELD,94.5,13.3832,18,77.8,1,4,5,2,60,4.4,8
21,21,DEFENCE,110.5,15.6392,16,75,0,0,4,0,60,4.4,8
21,24,MIDFIELD,102.9,13.5217,23,87,0,9,3,3,60,4.4,8
21,27,FORWARD,101.2,13.2555,11,81.8,2,4,5,0,60,4.4,8
21,28,FORWARD,96.5,13.1803,9,77.8,2,2,6,0,60,4.4,8
21,29,MIDFIELD,107.5,15.901,17,64.7,1,3,3,3,60,4.4,8
21,31,MIDFIELD,107.4,14.3627,25,80,1,5,8,3,60,4.4,8
21,35,MIDFIELD,106,12.8108,28,71.4,2,5,4,6,60,4.4,8
21,38,MIDFIELD,85.9,10.5916,11,63.6,0,2,2,0,60,4.4,8
21,40,FORWARD,99.5,13.0339,12,66.7,1,2,5,0,60,4.4,8
21,41,MIDFIELD,87.7,12.6985,33,75.8,0,4,6,8,60,4.4,8
21,42,FORWARD,101.8,13.6457,23,82.6,5,3,6,4,60,4.4,8
21,43,MIDFIELD,100.1,14.5447,22,81.8,0,3,6,3,60,4.4,8
21,45,FORWARD,105.3,11.7514,13,69.2,2,3,5,0,60,4.4,8
21,47,DEFENCE,103.7,13.41,13,92.3,0,0,4,0,60,4.4,8
21,48,DEFENCE,101.4,13.4351,15,86.7,0,0,4,1,60,4.4,8
21,52,MIDFIELD,74.5,9.8406,11,81.8,0,1,1,3,60,4.4,8
22,2,DEFENCE,85.4,10.7279,16,62.5,0,2,7,0,111,0.2,11
22,5,DEFENCE,106.7,14.8286,14,85.7,0,5,2,2,111,0.2,11
22,7,MIDFIELD,87,11.7951,22,68.2,0,5,4,3,111,0.2,11
22,9,FORWARD,104.3,14.1507,22,86.4,4,1,7,2,111,0.2,11
22,13,DEFENCE,118.2,14.9387,20,85,1,1,9,0,111,0.2,11
22,14,FORWARD,108.6,13.7058,16,81.3,3,4,9,0,111,0.2,11
22,15,DEFENCE,102.9,13.7443,10,80,0,2,2,1,111,0.2,11
22,16,FORWARD,95.2,13.205,24,79.2,2,6,2,2,111,0.2,11
22,17,,104.6,14.4632,15,86.7,0,10,3,1,111,0.2,11
22,21,DEFENCE,68.2,9.7354002,3,100,0,2,2,0,111,0.2,11
22,24,MIDFIELD,101,13.2978,36,55.6,1,4,4,6,111,0.2,11
22,28,FORWARD,93.5,12.5803,18,77.8,1,4,4,0,111,0.2,11
22,29,,104.8,15.6465,24,79.2,0,4,6,2,111,0.2,11
22,31,MIDFIELD,109.5,14.5356,15,73.3,1,6,2,3,111,0.2,11
22,35,MIDFIELD,104.5,11.7996,32,75,0,4,3,11,111,0.2,11
22,38,MIDFIELD,93.3,11.8231,19,63.2,0,0,5,1,111,0.2,11
22,41,MIDFIELD,100.2,14.6083,27,70.4,3,1,7,2,111,0.2,11
22,42,FORWARD,105.1,13.6999,12,58.3,2,7,3,0,111,0.2,11
22,45,FORWARD,109.6,11.8998,13,76.9,6,0,9,0,111,0.2,11
22,47,DEFENCE,113,14.8104,10,90,0,2,5,0,111,0.2,11
22,48,DEFENCE,102.3,13.4312,22,68.2,0,1,4,1,111,0.2,11
22,52,MIDFIELD,88.8,11.4942,8,62.5,0,3,0,5,111,0.2,11
23,2,DEFENCE,117.8,13.6118,15,73.3,0,0,3,2,2,0.6,7
23,5,DEFENCE,106.4,15.1421,16,62.5,0,3,5,1,2,0.6,7
23,7,DEFENCE,94.3,12.3225,22,72.7,1,2,3,3,2,0.6,7
23,9,FORWARD,102.6,14.2937,11,54.5,1,0,3,0,2,0.6,7
23,13,DEFENCE,118,14.6393,11,90.9,0,1,2,0,2,0.6,7
23,14,FORWARD,105.5,12.5219,16,62.5,0,6,3,0,2,0.6,7
23,16,FORWARD,91.8,11.9501,11,63.6,2,2,4,1,2,0.6,7
23,17,MIDFIELD,98.6,14.2075,13,76.9,0,6,1,1,2,0.6,7
23,21,DEFENCE,103.6,14.6593,11,81.8,0,3,2,0,2,0.6,7
23,24,MIDFIELD,105.1,14.1879,27,77.8,1,4,5,4,2,0.6,7
23,28,FORWARD,84.7,12.0665,12,75,2,3,0,1,2,0.6,7
23,29,MIDFIELD,105.8,15.4645,20,75,1,6,1,4,2,0.6,7
23,31,MIDFIELD,106.2,14.6279,17,82.4,0,1,3,2,2,0.6,7
23,35,MIDFIELD,110.1,14.2886,35,71.4,0,3,5,7,2,0.6,7
23,38,MIDFIELD,100.6,13.0204,11,63.6,0,3,3,3,2,0.6,7
23,41,MIDFIELD,74,11.1475,23,73.9,0,4,3,1,2,0.6,7
23,43,MIDFIELD,93,13.2732,20,70,0,8,1,5,2,0.6,7
23,45,FORWARD,107.9,12.9007,14,92.9,2,2,4,1,2,0.6,7
23,47,DEFENCE,106.8,14.1407,14,64.3,0,1,7,1,2,0.6,7
23,48,DEFENCE,90.3,12.3508,10,50,0,1,4,0,2,0.6,7
23,52,MIDFIELD,76.4,10.3507,8,50,0,2,1,1,2,0.6,7
25,2,DEFENCE,113.85,13.38817,18,88.9,0,3,6,0,42,2.2,11
25,3,FORWARD,86.35,12.00968,9,55.6,0,3,2,0,42,2.2,11
25,9,FORWARD,103.58,13.40747,16,68.8,2,1,4,1,42,2.2,11
25,12,MIDFIELD,80.67,11.53392,16,68.8,0,5,1,4,42,2.2,11
25,13,FORWARD,115.62,14.23563,17,58.8,0,0,4,0,42,2.2,11
25,17,MIDFIELD,83.83,11.663,14,92.9,0,4,2,1,42,2.2,11
25,22,MIDFIELD,90.27,12.99882,19,68.4,1,3,3,2,42,2.2,11
25,24,MIDFIELD,106.45,13.89535,28,67.9,0,6,3,7,42,2.2,11
25,25,DEFENCE,107.15,14.40166,10,90,0,1,2,0,42,2.2,11
25,27,DEFENCE,119.63,14.93796,19,89.5,0,1,11,0,42,2.2,11
25,28,FORWARD,97,14.569,11,81.8,3,7,1,1,42,2.2,11
25,29,MIDFIELD,94.18,13.70413,14,71.4,0,0,4,0,42,2.2,11
25,31,MIDFIELD,103,12.979,30,73.3,1,6,9,4,42,2.2,11
25,33,FORWARD,99.03,13.12815,9,55.6,1,4,1,1,42,2.2,11
25,35,MIDFIELD,115.9,12.84736,24,75,3,9,4,4,42,2.2,11
25,38,MIDFIELD,105.25,13.11524,14,64.3,0,6,5,2,42,2.2,11
25,42,FORWARD,107.87,14.68427,18,72.2,3,2,1,2,42,2.2,11
25,45,FORWARD,117.55,13.46935,13,61.5,3,3,5,0,42,2.2,11
25,47,DEFENCE,118.4,13.82048,9,100,0,0,4,0,42,2.2,11
25,48,DEFENCE,87.25,11.61807,21,81,0,3,3,1,42,2.2,11
25,49,DEFENCE,109.93,13.55228,10,100,0,2,2,0,42,2.2,11
25,53,DEFENCE,117.05,15.88376,24,91.7,1,3,6,3,42,2.2,11
26,2,DEFENCE,109.8,13.17016,24,91.7,0,0,2,1,1,0,0
26,3,FORWARD,87.47,11.99744,11,72.7,1,1,5,0,1,0,0
26,8,FORWARD,99.78,13.57924,14,85.7,1,3,2,0,1,0,0
26,9,FORWARD,110.75,14.76297,14,92.9,4,1,8,0,1,0,0
26,12,MIDFIELD,82.8,12.24009,18,77.8,2,1,1,3,1,0,0
26,13,FORWARD,111.27,13.7603,11,81.8,0,1,5,0,1,0,0
26,17,MIDFIELD,96.12,13.62278,10,90,0,2,2,1,1,0,0
26,22,MIDFIELD,96.37,12.92756,13,69.2,0,3,2,0,1,0,0
26,24,DEFENCE,95.75,12.13411,26,73.1,0,8,4,6,1,0,0
26,25,DEFENCE,98.48,12.79824,8,100,1,2,2,0,1,0,0
26,27,DEFENCE,107.47,13.22727,12,66.7,1,0,5,0,1,0,0
26,28,FORWARD,103.12,13.97019,13,69.2,0,0,2,1,1,0,0
26,29,MIDFIELD,97.08,13.85557,17,82.4,1,3,7,1,1,0,0
26,31,MIDFIELD,109.88,13.82776,24,70.8,1,5,7,4,1,0,0
26,35,MIDFIELD,106.07,11.77776,37,62.2,1,6,7,11,1,0,0
26,38,DEFENCE,92.35,10.40117,13,69.2,0,1,3,7,1,0,0
26,42,FORWARD,104.15,13.59565,16,68.8,0,4,5,0,1,0,0
26,45,FORWARD,110.58,12.70209,11,72.7,4,3,5,0,1,0,0
26,47,DEFENCE,107.1,12.40519,12,75,0,0,2,0,1,0,0
26,48,DEFENCE,112.85,14.46032,13,61.5,0,3,0,0,1,0,0
26,49,DEFENCE,101.77,12.24656,14,85.7,0,1,2,0,1,0,0
26,53,DEFENCE,112.27,15.08286,25,64,0,2,0,2,1,0,0
27,2,DEFENCE,115.77,13.61434,20,80,0,1,4,2,29,0,0
27,3,FORWARD,94.78,12.55908,23,69.6,1,5,2,2,29,0,0
27,7,MIDFIELD,88.88,12.15165,10,80,0,1,2,0,29,0,0
27,9,FORWARD,112.43,13.80843,15,86.7,4,1,5,0,29,0,0
27,13,FORWARD,111.37,13.62929,6,83.3,0,1,2,1,29,0,0
27,22,MIDFIELD,99.83,14.22333,18,55.6,0,4,1,3,29,0,0
27,23,FORWARD,108.88,14.73993,18,72.2,0,2,3,0,29,0,0
27,24,MIDFIELD,110.03,13.55601,37,73,1,7,6,8,29,0,0
27,25,DEFENCE,88.65,12.05203,9,88.9,0,3,2,1,29,0,0
27,27,DEFENCE,104.6,13.31068,10,60,0,1,2,1,29,0,0
27,28,FORWARD,112.75,14.21256,16,50,1,1,3,0,29,0,0
27,29,MIDFIELD,108.73,15.27033,22,72.7,2,5,4,1,29,0,0
27,31,MIDFIELD,102.9,13.14323,28,78.6,0,4,3,3,29,0,0
27,35,MIDFIELD,112.45,12.81819,36,75,3,2,4,9,29,0,0
27,41,MIDFIELD,93.42,13.65207,24,66.7,0,9,3,4,29,0,0
27,42,FORWARD,102.73,13.80029,16,81.3,2,2,5,0,29,0,0
27,45,FORWARD,113.28,12.03911,17,70.6,5,6,5,2,29,0,0
27,47,DEFENCE,109.7,13.60822,13,76.9,0,2,2,0,29,0,0
27,48,DEFENCE,102.62,13.72127,17,64.7,0,1,4,0,29,0,0
27,49,DEFENCE,106.42,12.91038,10,20,0,3,2,0,29,0,0
27,52,MIDFIELD,96.1,11.66389,17,82.4,1,2,3,4,29,0,0
27,53,DEFENCE,113.58,14.83261,21,76.2,0,2,2,1,29,0,0
28,2,DEFENCE,120.17,14.45726,21,81,0,2,7,0,86,0,9
28,3,FORWARD,109.52,14.02536,14,57.1,0,7,4,0,86,0,9
28,7,DEFENCE,105.53,13.5984,27,88.9,0,5,2,1,86,0,9
28,9,FORWARD,115.98,13.996,14,71.4,3,0,4,0,86,0,9
28,13,FORWARD,118.78,13.99292,20,60,0,2,5,0,86,0,9
28,22,MIDFIELD,87,11.831,15,80,1,4,0,2,86,0,9
28,23,FORWARD,108.65,14.55648,21,76.2,2,1,4,1,86,0,9
28,24,MIDFIELD,108.63,12.62238,26,80.8,0,11,0,6,86,0,9
28,25,DEFENCE,91.68,11.80884,15,73.3,1,1,3,1,86,0,9
28,27,DEFENCE,116.3,14.1139,19,73.7,1,2,6,0,86,0,9
28,29,MIDFIELD,82.03,11.21909,15,86.7,0,1,0,3,86,0,9
28,31,MIDFIELD,106.3,13.50362,32,84.4,2,3,6,5,86,0,9
28,33,FORWARD,88.08,11.40896,13,69.2,1,2,2,2,86,0,9
28,35,MIDFIELD,109.42,12.5056,27,63,0,6,3,8,86,0,9
28,41,MIDFIELD,97.42,14.05743,31,87.1,1,10,5,3,86,0,9
28,42,FORWARD,104.63,13.51404,33,81.8,3,4,2,0,86,0,9
28,45,FORWARD,121.95,14.38646,17,76.5,4,4,6,0,86,0,9
28,47,DEFENCE,110.85,13.44044,16,50,0,2,3,0,86,0,9
28,48,DEFENCE,44.23,5.7948098,9,66.7,0,1,2,0,86,0,9
28,49,DEFENCE,100.77,12.26066,8,87.5,1,1,1,0,86,0,9
28,52,MIDFIELD,106.88,13.29086,8,50,0,1,2,3,86,0,9
28,53,DEFENCE,114.12,14.8741,22,81.8,0,4,6,0,86,0,9
29,1,FORWARD,100.8,12.88252,21,81,2,5,7,0,38,0,0
29,2,DEFENCE,113.28,13.61399,23,73.9,1,3,6,1,38,0,0
29,3,FORWARD,106.32,14.0586,17,58.8,0,4,1,1,38,0,0
29,7,DEFENCE,94.55,13.08606,17,88.2,1,2,2,0,38,0,0
29,8,FORWARD,90.98,12.87767,25,80,2,4,3,1,38,0,0
29,9,FORWARD,99.03,13.06746,12,41.7,2,1,4,0,38,0,0
29,12,MIDFIELD,82.73,11.56599,27,81.5,1,1,1,9,38,0,0
29,13,FORWARD,110.35,13.66665,15,66.7,1,2,7,0,38,0,0
29,22,MIDFIELD,85.4,12.52324,18,72.2,1,2,6,1,38,0,0
29,24,MIDFIELD,103.47,12.95297,43,74.4,1,9,8,10,38,0,0
29,25,DEFENCE,104.5,14.14015,13,92.3,0,2,4,2,38,0,0
29,27,DEFENCE,118.87,14.46595,17,76.5,0,3,7,0,38,0,0
29,29,MIDFIELD,100.85,14.04892,21,71.4,0,8,6,2,38,0,0
29,31,MIDFIELD,91.42,11.70492,32,78.1,1,7,9,4,38,0,0
29,33,FORWARD,85.65,11.52666,10,80,2,6,2,0,38,0,0
29,35,MIDFIELD,110.53,12.98249,31,67.7,2,4,6,5,38,0,0
29,42,FORWARD,102.88,14.02347,20,75,0,2,1,0,38,0,0
29,45,FORWARD,105.18,12.04865,10,50,2,3,2,0,38,0,0
29,47,DEFENCE,110.48,13.31924,12,83.3,0,3,4,0,38,0,0
29,49,DEFENCE,115.82,14.57211,18,83.3,0,2,5,1,38,0,0
29,52,MIDFIELD,97.12,12.28248,15,80,0,4,1,1,38,0,0
29,53,DEFENCE,113.95,14.72299,32,81.3,0,5,9,0,38,0,0
30,1,FORWARD,94.52,12.91346,12,58.3,0,2,5,1,-29,0.2,9
30,2,DEFENCE,103.05,13.053,29,79.3,0,1,8,0,-29,0.2,9
30,3,MIDFIELD,79.27,11.06326,14,71.4,1,0,1,0,-29,0.2,9
30,7,DEFENCE,99.42,14.146,22,86.4,0,3,3,2,-29,0.2,9
30,8,,94.05,13.7233,14,71.4,1,4,5,2,-29,0.2,9
30,12,MIDFIELD,87.02,12.52486,19,89.5,0,9,4,5,-29,0.2,9
30,13,FORWARD,105.8,13.73612,17,76.5,1,6,8,0,-29,0.2,9
30,15,DEFENCE,93.67,12.31851,16,68.8,1,2,7,0,-29,0.2,9
30,22,MIDFIELD,96.32,14.60388,17,88.2,0,2,4,0,-29,0.2,9
30,24,MIDFIELD,97.88,13.18956,17,88.2,0,4,1,4,-29,0.2,9
30,27,DEFENCE,109.43,14.01916,14,92.9,0,2,4,0,-29,0.2,9
30,29,MIDFIELD,94.3,14.34777,12,75,1,2,4,1,-29,0.2,9
30,31,MIDFIELD,93.17,12.86991,27,88.9,1,4,9,3,-29,0.2,9
30,33,FORWARD,91.53,12.85267,10,50,2,2,3,0,-29,0.2,9
30,35,MIDFIELD,104.03,12.68519,21,61.9,1,2,3,7,-29,0.2,9
30,41,MIDFIELD,85.12,12.44244,22,72.7,0,7,3,4,-29,0.2,9
30,42,FORWARD,99.12,14.28375,27,70.4,1,1,4,0,-29,0.2,9
30,45,FORWARD,112.43,13.84824,8,75,1,3,3,0,-29,0.2,9
30,47,DEFENCE,105.45,13.41745,21,90.5,0,1,8,1,-29,0.2,9
30,49,DEFENCE,91.47,11.47498,16,100,0,0,5,0,-29,0.2,9
30,52,MIDFIELD,90.2,11.6508,7,57.1,0,3,1,2,-29,0.2,9
30,53,DEFENCE,113.75,15.08908,36,77.8,0,1,8,0,-29,0.2,9
31,1,FORWARD,107.62,13.99204,15,53.3,2,2,5,0,-25,0,11
31,2,DEFENCE,112.47,14.42057,20,75,1,5,6,0,-25,0,11
31,7,DEFENCE,101.27,13.90304,18,88.9,0,4,2,0,-25,0,11
31,8,FORWARD,102.22,13.91451,17,82.4,1,6,2,3,-25,0,11
31,9,FORWARD,108.28,13.73461,14,85.7,2,0,4,3,-25,0,11
31,12,MIDFIELD,83.2,14.44784,16,62.5,0,4,2,4,-25,0,11
31,13,DEFENCE,112.58,13.47513,13,92.3,0,4,5,1,-25,0,11
31,15,DEFENCE,113.73,14.74664,18,88.9,0,2,3,0,-25,0,11
31,22,MIDFIELD,98.32,13.66563,17,64.7,0,5,1,0,-25,0,11
31,23,FORWARD,110.38,15.21778,9,66.7,0,0,2,0,-25,0,11
31,24,MIDFIELD,87.85,11.48527,24,66.7,1,5,3,4,-25,0,11
31,25,DEFENCE,86.43,11.40765,11,72.7,0,1,3,0,-25,0,11
31,29,MIDFIELD,96.9,14.30085,9,88.9,0,2,1,2,-25,0,11
31,31,MIDFIELD,95.37,12.74817,33,63.6,1,2,10,2,-25,0,11
31,33,FORWARD,97.12,13.58111,14,42.9,0,3,4,1,-25,0,11
31,35,MIDFIELD,95.63,12.67297,29,65.5,0,9,4,10,-25,0,11
31,38,MIDFIELD,101.2,12.05223,11,81.8,0,1,3,5,-25,0,11
31,41,MIDFIELD,74.82,11.7285,22,59.1,3,5,4,1,-25,0,11
31,42,FORWARD,106.1,14.61618,15,73.3,1,2,3,0,-25,0,11
31,45,FORWARD,117.25,14.37467,11,81.8,3,2,5,0,-25,0,11
31,47,DEFENCE,114.88,13.08955,13,84.6,0,1,3,0,-25,0,11
31,53,DEFENCE,120.5,15.60865,29,72.4,0,1,6,0,-25,0,11
32,2,DEFENCE,107.07,13.78668,14,85.7,0,1,4,1,-17,0.2,5
32,7,MIDFIELD,93.53,12.98851,22,68.2,0,1,5,3,-17,0.2,5
32,9,FORWARD,116.67,14.51943,9,55.6,2,1,4,0,-17,0.2,5
32,12,MIDFIELD,85.12,12.21567,15,46.7,1,3,2,4,-17,0.2,5
32,13,DEFENCE,113.95,13.75041,15,86.7,0,0,4,1,-17,0.2,5
32,15,,102.88,13.24004,11,81.8,0,4,3,0,-17,0.2,5
32,21,DEFENCE,83.88,11.69591,10,70,0,0,3,0,-17,0.2,5
32,23,FORWARD,107.22,14.47359,10,50,1,2,2,0,-17,0.2,5
32,24,MIDFIELD,98.28,12.83315,24,79.2,0,1,4,6,-17,0.2,5
32,29,MIDFIELD,96.4,14.27855,11,72.7,0,0,2,2,-17,0.2,5
32,31,MIDFIELD,94.47,12.77435,20,70,0,1,11,2,-17,0.2,5
32,32,MIDFIELD,73.18,9.9776497,9,66.7,0,2,0,1,-17,0.2,5
32,33,FORWARD,104.12,14.10174,11,63.6,0,6,1,4,-17,0.2,5
32,35,MIDFIELD,98.4,12.56031,30,60,2,1,2,5,-17,0.2,5
32,38,,106.62,12.75117,10,80,0,1,5,1,-17,0.2,5
32,41,MIDFIELD,101.55,14.02514,25,76,0,5,4,4,-17,0.2,5
32,42,FORWARD,100.55,14.70831,20,75,1,4,1,3,-17,0.2,5
32,45,FORWARD,118.63,14.35229,12,66.7,4,2,4,0,-17,0.2,5
32,47,DEFENCE,114.33,13.74001,13,69.2,0,1,4,0,-17,0.2,5
32,49,DEFENCE,100.87,12.66562,14,64.3,1,0,4,1,-17,0.2,5
32,52,MIDFIELD,96.78,11.75118,13,84.6,1,4,1,6,-17,0.2,5
32,53,DEFENCE,113.65,15.37497,20,80,0,0,6,3,-17,0.2,5
33,2,DEFENCE,105.08,13.06881,25,56,0,2,3,0,23,0.6,4
33,9,FORWARD,117.22,14.38827,6,83.3,2,3,1,0,23,0.6,4
33,13,FORWARD,114.37,12.70915,13,84.6,5,5,5,0,23,0.6,4
33,15,DEFENCE,96.33,12.47224,6,83.3,0,6,2,0,23,0.6,4
33,21,DEFENCE,104.6,13.86943,14,78.6,0,4,5,1,23,0.6,4
33,22,MIDFIELD,107.17,14.44144,17,70.6,0,8,5,1,23,0.6,4
33,23,FORWARD,115.33,15.26285,14,50,0,5,1,0,23,0.6,4
33,24,MIDFIELD,105.98,12.9601,29,79.3,1,8,4,12,23,0.6,4
33,27,DEFENCE,124.07,15.18814,11,63.6,0,1,5,1,23,0.6,4
33,29,,103.75,13.97992,18,50,1,4,2,1,23,0.6,4
33,31,,95.2,11.9157,31,71,0,18,7,5,23,0.6,4
33,32,MIDFIELD,78.6,10.85097,12,66.7,0,3,4,0,23,0.6,4
33,33,FORWARD,17.83,2.54726,3,66.7,0,2,0,0,23,0.6,4
33,35,MIDFIELD,105.02,12.36783,36,72.2,4,12,1,10,23,0.6,4
33,41,FORWARD,113.68,15.49186,21,76.2,0,7,5,2,23,0.6,4
33,42,FORWARD,103.17,13.78798,18,72.2,0,3,7,1,23,0.6,4
33,43,MIDFIELD,92.92,12.04912,17,64.7,1,17,1,2,23,0.6,4
33,45,FORWARD,120.83,13.67672,15,66.7,1,4,3,0,23,0.6,4
33,47,DEFENCE,116.83,13.84015,10,90,0,5,2,0,23,0.6,4
33,49,DEFENCE,109.72,13.19894,12,75,0,4,4,0,23,0.6,4
33,52,MIDFIELD,108.95,12.63486,25,68,0,10,1,8,23,0.6,4
33,53,DEFENCE,123.28,15.54903,28,75,1,3,1,2,23,0.6,4
34,2,DEFENCE,104.42,12.92094,19,89.5,0,3,4,0,2,0,7
34,7,DEFENCE,93.43,11.85446,17,88.2,0,6,4,0,2,0,7
34,8,,99.13,13.67185,17,82.4,0,11,4,0,2,0,7
34,9,FORWARD,110.3,14.1647,14,42.9,1,0,1,1,2,0,7
34,13,FORWARD,108.73,12.31324,7,71.4,0,1,3,0,2,0,7
34,15,DEFENCE,85.12,10.18755,9,88.9,0,1,2,0,2,0,7
34,18,MIDFIELD,75.13,10.15907,12,66.7,0,1,3,2,2,0,7
34,21,DEFENCE,114.83,14.80681,14,85.7,0,4,4,0,2,0,7
34,22,FORWARD,87.17,12.59263,15,73.3,0,7,3,0,2,0,7
34,23,FORWARD,104.12,14.16214,9,88.9,1,1,0,1,2,0,7
34,24,MIDFIELD,102.2,12.90731,33,72.7,0,4,7,6,2,0,7
34,27,DEFENCE,120.22,14.18896,19,78.9,0,2,7,0,2,0,7
34,29,,94.98,13.52197,19,68.4,1,4,4,4,2,0,7
34,31,MIDFIELD,98.3,12.92346,31,71,0,4,6,3,2,0,7
34,35,MIDFIELD,94.98,10.99168,24,70.8,3,8,4,5,2,0,7
34,41,FORWARD,99.72,13.8808,20,65,1,2,10,2,2,0,7
34,42,FORWARD,93.87,13.56146,18,83.3,1,2,4,0,2,0,7
34,43,MIDFIELD,88.5,11.87155,15,86.7,1,17,3,3,2,0,7
34,45,FORWARD,108.98,12.31114,14,35.7,1,4,6,0,2,0,7
34,49,DEFENCE,105.37,12.43055,19,89.5,0,4,4,1,2,0,7
34,52,MIDFIELD,106,12.86275,13,69.2,0,4,2,4,2,0,7
34,53,DEFENCE,117.27,15.11173,27,74.1,1,0,5,0,2,0,7
35,2,DEFENCE,108.98,13.89159,27,81.5,0,3,9,1,22,0.8,2
35,7,DEFENCE,91.62,12.77887,20,85,0,1,4,1,22,0.8,2
35,8,,88.25,12.39059,15,66.7,0,3,2,0,22,0.8,2
35,9,FORWARD,105.92,14.37684,8,87.5,3,0,2,0,22,0.8,2
35,13,FORWARD,117.15,14.49661,16,87.5,2,5,8,1,22,0.8,2
35,21,DEFENCE,107.15,14.58516,15,66.7,0,3,1,0,22,0.8,2
35,22,MIDFIELD,82.58,12.13951,22,77.3,0,3,3,3,22,0.8,2
35,23,FORWARD,90.47,12.93915,14,71.4,1,3,4,0,22,0.8,2
35,24,MIDFIELD,97.9,12.44314,35,88.6,1,4,4,10,22,0.8,2
35,27,DEFENCE,104.32,12.3665,17,88.2,0,2,4,1,22,0.8,2
35,29,MIDFIELD,85,11.872,18,72.2,0,3,6,0,22,0.8,2
35,31,MIDFIELD,95.08,12.73605,24,83.3,0,5,6,3,22,0.8,2
35,33,FORWARD,84.47,11.17896,10,30,0,7,1,1,22,0.8,2
35,35,MIDFIELD,100.97,12.41902,31,64.5,3,7,2,7,22,0.8,2
35,41,MIDFIELD,104.33,15.15709,24,70.8,0,4,5,4,22,0.8,2
35,42,MIDFIELD,90.3,12.43293,24,75,1,1,5,1,22,0.8,2
35,43,MIDFIELD,86.2,12.5659,25,76,0,10,7,2,22,0.8,2
35,45,FORWARD,109.8,13.13138,10,70,2,4,2,0,22,0.8,2
35,47,DEFENCE,112.05,13.39487,13,84.6,0,2,5,0,22,0.8,2
35,49,DEFENCE,97.37,12.16918,19,57.9,0,3,3,0,22,0.8,2
35,52,MIDFIELD,101.03,12.73764,15,60,0,3,1,3,22,0.8,2
35,53,DEFENCE,115.32,14.2364,27,63,0,1,8,2,22,0.8,2
36,2,DEFENCE,121.12,14.4132,19,68.4,0,1,1,1,-13,26.2,5
36,7,MIDFIELD,106.73,14.24901,25,76,0,11,3,5,-13,26.2,5
36,8,FORWARD,112.62,14.85622,14,71.4,0,5,1,0,-13,26.2,5
36,9,FORWARD,120.58,15.1943,15,66.7,2,1,8,0,-13,26.2,5
36,13,FORWARD,121.12,13.79651,12,66.7,2,2,4,0,-13,26.2,5
36,15,,90.13,11.01592,6,83.3,0,3,0,0,-13,26.2,5
36,21,DEFENCE,113.38,14.85943,12,58.3,0,1,3,0,-13,26.2,5
36,22,FORWARD,99.63,12.93121,15,73.3,0,6,4,2,-13,26.2,5
36,23,FORWARD,114.35,14.74832,7,71.4,0,3,4,0,-13,26.2,5
36,24,MIDFIELD,102.52,12.44829,19,68.4,0,2,0,8,-13,26.2,5
36,27,DEFENCE,122.48,14.25034,12,66.7,0,3,4,0,-13,26.2,5
36,31,MIDFIELD,103.85,12.94006,32,65.6,0,4,2,10,-13,26.2,5
36,33,FORWARD,15.98,2.05759,2,100,1,1,1,0,-13,26.2,5
36,35,MIDFIELD,113.08,13.14729,34,58.8,1,4,4,8,-13,26.2,5
36,38,FORWARD,109.38,12.82621,13,92.3,3,1,4,2,-13,26.2,5
36,41,FORWARD,109.75,14.46084,13,46.2,0,6,3,2,-13,26.2,5
36,42,MIDFIELD,115.55,15.33609,16,75,1,4,2,2,-13,26.2,5
36,43,MIDFIELD,68.45,9.51402,10,60,0,8,3,1,-13,26.2,5
36,47,DEFENCE,115.45,13.13872,13,69.2,0,0,5,0,-13,26.2,5
36,49,DEFENCE,110.78,12.96448,17,64.7,0,4,6,0,-13,26.2,5
36,52,MIDFIELD,104.83,12.96993,14,71.4,0,4,2,2,-13,26.2,5
36,53,DEFENCE,124.18,14.94773,25,64,0,0,3,1,-13,26.2,5
37,2,,113.78,14.40313,25,64,0,2,5,0,2,0.4,14
37,7,MIDFIELD,109.67,14.1691,18,44.4,0,7,5,2,2,0.4,14
37,8,,56.68,8.3184204,8,87.5,0,4,1,0,2,0.4,14
37,9,FORWARD,109.58,14.46087,14,78.6,3,5,3,0,2,0.4,14
37,12,MIDFIELD,95.17,13.67635,22,86.4,0,7,2,6,2,0.4,14
37,13,DEFENCE,112.12,13.1678,18,83.3,0,4,7,0,2,0.4,14
37,15,DEFENCE,108.4,13.52414,14,78.6,0,5,1,0,2,0.4,14
37,21,DEFENCE,112.18,15.44498,15,86.7,0,0,4,0,2,0.4,14
37,22,MIDFIELD,97.93,13.62395,16,50,0,11,2,0,2,0.4,14
37,23,FORWARD,104.67,13.76873,14,92.9,2,4,2,0,2,0.4,14
37,24,,1.32,0.18289,1,100,0,0,0,0,2,0.4,14
37,29,MIDFIELD,107.15,14.81424,21,71.4,0,9,5,3,2,0.4,14
37,31,MIDFIELD,102.45,12.70831,30,70,0,5,4,5,2,0.4,14
37,35,MIDFIELD,109.1,12.20083,31,58.1,0,9,3,12,2,0.4,14
37,38,MIDFIELD,100.2,12.20714,9,55.6,0,5,3,2,2,0.4,14
37,41,MIDFIELD,110.52,15.58456,22,77.3,1,9,8,2,2,0.4,14
37,42,MIDFIELD,109.4,15.06936,20,80,1,3,2,1,2,0.4,14
37,43,MIDFIELD,96.47,14.28568,19,68.4,0,7,2,5,2,0.4,14
37,45,FORWARD,115.23,13.73656,14,50,1,3,7,0,2,0.4,14
37,47,DEFENCE,113.23,13.75724,18,77.8,0,3,6,0,2,0.4,14
37,49,DEFENCE,40.2,5.2091198,10,90,0,2,5,0,2,0.4,14
37,53,DEFENCE,114.08,14.6131,28,67.9,2,2,8,0,2,0.4,14
38,1,FORWARD,108.12,14.00644,15,73.3,1,2,4,0,0,0,9
38,2,MIDFIELD,113.77,14.28584,18,50,0,4,4,0,0,0,9
38,7,FORWARD,106.1,14.30422,21,61.9,0,5,1,2,0,0,9
38,13,DEFENCE,124.4,14.6549,22,81.8,0,6,6,1,0,0,9
38,15,DEFENCE,106.58,13.41919,12,83.3,0,3,4,1,0,0,9
38,21,DEFENCE,108.93,14.85725,12,83.3,0,1,2,0,0,0,9
38,22,MIDFIELD,99.05,13.86955,17,64.7,1,5,1,2,0,0,9
38,23,FORWARD,110.05,14.26746,13,84.6,1,1,2,2,0,0,9
38,27,DEFENCE,113.98,14.19841,13,84.6,0,2,6,0,0,0,9
38,29,MIDFIELD,112.42,16.04825,17,82.4,1,6,4,4,0,0,9
38,31,MIDFIELD,102.37,12.89043,26,73.1,0,6,2,5,0,0,9
38,35,MIDFIELD,100.63,11.94522,45,71.1,1,4,4,13,0,0,9
38,38,,92.67,11.81997,11,81.8,1,4,3,4,0,0,9
38,41,MIDFIELD,89.1,12.73693,33,75.8,1,5,3,3,0,0,9
38,42,MIDFIELD,96.77,12.5923,16,81.3,0,2,1,1,0,0,9
38,44,FORWARD,84.87,11.67401,13,69.2,0,2,4,0,0,0,9
38,45,FORWARD,112.83,13.03822,10,70,1,3,4,0,0,0,9
38,47,DEFENCE,113.6,14.27235,15,73.3,0,1,4,0,0,0,9
38,50,FORWARD,100.7,12.5643,6,66.7,2,7,3,0,0,0,9
38,51,DEFENCE,66.93,9.9391804,13,61.5,0,0,2,0,0,0,9
38,52,,78.5,9.9932203,13,61.5,0,1,1,4,0,0,9
38,53,DEFENCE,116.08,14.85085,22,72.7,0,1,1,1,0,0,9
39,2,DEFENCE,110.32,13.63956,18,72.2,0,1,3,2,85,11.8,7
39,3,FORWARD,80.48,11.02376,11,81.8,2,5,3,0,85,11.8,7
39,7,FORWARD,110.23,14.67608,11,72.7,1,1,2,3,85,11.8,7
39,13,DEFENCE,110.63,13.46843,16,87.5,0,0,8,0,85,11.8,7
39,15,DEFENCE,111.52,14.29393,12,83.3,1,4,5,0,85,11.8,7
39,21,DEFENCE,107.13,14.44527,16,93.8,0,2,6,0,85,11.8,7
39,22,MIDFIELD,100.95,13.75267,20,70,2,3,2,2,85,11.8,7
39,23,FORWARD,112.07,14.76607,12,75,3,4,4,0,85,11.8,7
39,24,MIDFIELD,97.62,11.78102,24,75,0,9,4,7,85,11.8,7
39,27,DEFENCE,122.48,15.35764,27,81.5,0,0,11,0,85,11.8,7
39,29,MIDFIELD,113.08,16.184311,20,85,3,8,7,3,85,11.8,7
39,31,DEFENCE,101.83,12.27752,38,84.2,2,0,9,9,85,11.8,7
39,35,MIDFIELD,106.37,11.62821,38,68.4,3,3,9,10,85,11.8,7
39,38,DEFENCE,104.13,12.094,16,56.3,1,3,9,2,85,11.8,7
39,41,MIDFIELD,92.12,13.26074,22,77.3,0,4,4,4,85,11.8,7
39,42,MIDFIELD,108.88,13.61056,23,69.6,2,0,2,0,85,11.8,7
39,45,FORWARD,119.67,14.34764,14,64.3,4,2,6,0,85,11.8,7
39,47,DEFENCE,111.72,13.74118,16,75,0,0,7,0,85,11.8,7
39,50,FORWARD,101.05,12.8579,9,44.4,0,0,3,0,85,11.8,7
39,51,DEFENCE,87.47,12.34355,7,100,0,2,4,0,85,11.8,7
39,52,MIDFIELD,82.5,9.9334497,18,83.3,1,3,2,4,85,11.8,7
39,53,DEFENCE,119.27,15.4044,20,75,0,1,2,1,85,11.8,7
40,3,FORWARD,83.87,11.36939,11,72.7,1,3,0,1,3,2,6
40,7,FORWARD,90.47,12.50064,16,81.3,0,3,1,1,3,2,6
40,9,FORWARD,103.17,14.26632,16,81.3,3,1,8,0,3,2,6
40,13,DEFENCE,117.03,14.00987,20,65,0,2,4,0,3,2,6
40,15,DEFENCE,92.88,12.09973,12,91.7,0,3,4,0,3,2,6
40,21,DEFENCE,107.93,15.06169,15,86.7,0,5,6,0,3,2,6
40,22,MIDFIELD,98.03,13.86958,18,77.8,0,3,5,0,3,2,6
40,23,FORWARD,92.02,13.35194,8,87.5,0,2,0,0,3,2,6
40,24,MIDFIELD,101.82,12.52147,30,63.3,1,1,4,7,3,2,6
40,27,DEFENCE,115.87,14.57089,23,73.9,0,5,10,0,3,2,6
40,29,MIDFIELD,103.68,15.61529,16,75,0,7,7,1,3,2,6
40,31,MIDFIELD,102.6,13.0499,27,81.5,0,7,3,3,3,2,6
40,35,FORWARD,106.42,9.9930401,20,60,5,3,12,0,3,2,6
40,38,MIDFIELD,83.73,10.45246,10,90,1,2,2,1,3,2,6
40,41,MIDFIELD,84.7,12.44298,22,63.6,0,4,3,2,3,2,6
40,42,MIDFIELD,99.23,13.68433,16,81.3,0,1,1,1,3,2,6
40,44,FORWARD,82.45,12.20496,12,66.7,1,1,2,2,3,2,6
40,45,FORWARD,111.43,14.11696,13,46.2,0,0,7,0,3,2,6
40,47,DEFENCE,98.9,12.69171,11,81.8,0,3,8,0,3,2,6
40,51,DEFENCE,100.6,14.10438,14,85.7,0,1,2,1,3,2,6
40,52,MIDFIELD,84.27,11.12465,11,100,0,2,0,3,3,2,6
40,53,DEFENCE,100.43,12.96095,19,78.9,1,2,5,2,3,2,6
41,7,FORWARD,101.15,13.02653,16,81.3,0,6,0,5,-21,0.2,5
41,9,FORWARD,107.9,14.28587,4,50,1,1,2,0,-21,0.2,5
41,13,FORWARD,114.7,12.39546,10,80,5,2,3,0,-21,0.2,5
41,15,DEFENCE,108.37,12.79996,18,83.3,0,1,6,0,-21,0.2,5
41,21,DEFENCE,101.38,13.2176,15,73.3,0,1,4,1,-21,0.2,5
41,22,MIDFIELD,105.92,13.8962,17,76.5,0,3,3,0,-21,0.2,5
41,23,FORWARD,106.75,13.81371,6,50,0,3,2,0,-21,0.2,5
41,24,MIDFIELD,101.62,12.31565,26,80.8,0,9,3,5,-21,0.2,5
41,27,DEFENCE,118.97,14.2731,12,83.3,0,6,3,0,-21,0.2,5
41,29,MIDFIELD,68.67,9.0663004,14,78.6,1,10,4,1,-21,0.2,5
41,31,MIDFIELD,107.88,13.24387,24,66.7,1,7,4,1,-21,0.2,5
41,35,MIDFIELD,98.9,9.8895102,25,80,1,10,3,3,-21,0.2,5
41,38,MIDFIELD,82.55,10.10126,10,80,0,0,4,0,-21,0.2,5
41,41,MIDFIELD,101.18,13.70935,22,72.7,0,6,3,0,-21,0.2,5
41,42,MIDFIELD,99.57,13.46863,12,75,0,1,2,0,-21,0.2,5
41,43,MIDFIELD,88.65,11.66249,9,66.7,0,10,2,2,-21,0.2,5
41,45,FORWARD,119.13,13.06331,14,35.7,1,2,3,0,-21,0.2,5
41,47,DEFENCE,107.28,12.4705,16,81.3,0,2,1,0,-21,0.2,5
41,49,DEFENCE,107.75,12.78258,14,71.4,0,3,4,0,-21,0.2,5
41,51,DEFENCE,94.38,12.61682,7,85.7,0,3,1,1,-21,0.2,5
41,52,MIDFIELD,81.38,10.50365,14,71.4,0,1,0,5,-21,0.2,5
41,53,DEFENCE,116.08,14.52059,23,69.6,0,2,6,2,-21,0.2,5
42,2,DEFENCE,99.07,11.93983,29,79.3,0,0,9,0,65,0,0
42,3,FORWARD,83.7,11.46463,17,76.5,0,7,2,1,65,0,0
42,7,FORWARD,95.97,11.74465,14,78.6,0,3,2,0,65,0,0
42,13,DEFENCE,108.82,13.06943,13,92.3,0,4,6,0,65,0,0
42,15,DEFENCE,100.15,12.50718,13,84.6,0,2,5,0,65,0,0
42,21,DEFENCE,86.73,12.70611,16,87.5,0,3,4,1,65,0,0
42,22,FORWARD,97.82,13.18926,22,68.2,3,4,12,1,65,0,0
42,23,FORWARD,104.27,13.2001,14,64.3,0,2,6,0,65,0,0
42,24,MIDFIELD,109.75,13.22654,23,69.6,0,0,4,1,65,0,0
42,25,DEFENCE,91.53,12.52114,17,88.2,0,1,2,2,65,0,0
42,27,DEFENCE,111.18,14.32107,19,84.2,0,0,7,0,65,0,0
42,31,MIDFIELD,99.33,12.52552,28,75,1,5,7,3,65,0,0
42,33,FORWARD,68.72,8.6245298,12,50,3,4,4,2,65,0,0
42,35,MIDFIELD,108.03,11.24543,23,69.6,2,3,4,2,65,0,0
42,41,FORWARD,105.2,14.81795,30,83.3,0,3,7,2,65,0,0
42,43,MIDFIELD,89.05,11.55491,26,73.1,0,9,4,4,65,0,0
42,45,FORWARD,113,13.09581,27,81.5,6,3,12,1,65,0,0
42,47,DEFENCE,93.03,11.36223,15,100,0,4,6,1,65,0,0
42,49,DEFENCE,101.22,11.89471,24,66.7,0,4,8,0,65,0,0
42,50,FORWARD,86.17,10.57878,10,50,1,5,2,2,65,0,0
42,52,MIDFIELD,101.55,12.27217,23,78.3,2,2,4,7,65,0,0
42,53,DEFENCE,116.75,14.1432,20,65,0,1,4,1,65,0,0
43,2,,113.75,14.08069,23,73.9,0,2,8,1,-46,2.8,10
43,3,MIDFIELD,87.8,11.92708,9,44.4,0,4,1,1,-46,2.8,10
43,3,MIDFIELD,87.8,11.92708,9,44.4,0,4,1,1,-46,2.8,10
43,7,FORWARD,81.87,10.92454,14,64.3,1,5,4,2,-46,2.8,10
43,13,DEFENCE,117.15,13.48629,13,69.2,0,2,6,0,-46,2.8,10
43,15,,103.75,13.022,7,71.4,0,2,1,1,-46,2.8,10
43,21,DEFENCE,98.63,14.23137,19,52.6,0,2,7,1,-46,2.8,10
43,22,,107.4,14.9339,18,72.2,0,3,5,1,-46,2.8,10
43,23,FORWARD,107.68,14.437,10,70,1,2,0,1,-46,2.8,10
43,24,MIDFIELD,75.92,9.4997702,20,65,0,2,2,7,-46,2.8,10
43,25,DEFENCE,94.98,12.77561,23,69.6,0,3,6,5,-46,2.8,10
43,27,DEFENCE,118.83,13.9632,23,82.6,0,2,11,0,-46,2.8,10
43,31,MIDFIELD,97.62,12.24659,32,78.1,0,6,9,3,-46,2.8,10
43,41,MIDFIELD,102.93,13.93929,25,72,2,7,6,3,-46,2.8,10
43,43,MIDFIELD,98.35,12.75688,26,65.4,0,13,5,8,-46,2.8,10
43,44,FORWARD,89.35,12.15459,13,69.2,0,1,3,0,-46,2.8,10
43,45,FORWARD,111.4,13.68276,13,76.9,3,4,9,0,-46,2.8,10
43,47,DEFENCE,109.53,13.09154,13,84.6,0,3,5,0,-46,2.8,10
43,49,DEFENCE,105.25,12.68162,14,64.3,0,6,4,0,-46,2.8,10
43,50,FORWARD,83.32,9.7078104,7,42.9,0,3,1,0,-46,2.8,10
43,51,DEFENCE,75.97,10.7428,11,63.6,0,2,1,0,-46,2.8,10
43,52,MIDFIELD,94.15,11.7515,16,62.5,1,3,1,7,-46,2.8,10
43,53,DEFENCE,119.52,15.26669,26,88.5,0,6,4,1,-46,2.8,10
44,2,DEFENCE,109.28,13.12712,21,57.1,1,1,2,1,14,0,15
44,3,FORWARD,85.6,11.68691,9,66.7,0,3,2,0,14,0,15
44,7,MIDFIELD,85.18,11.0252,25,68,1,6,3,4,14,0,15
44,13,FORWARD,120,12.40622,11,81.8,4,1,6,0,14,0,15
44,15,DEFENCE,109.37,13.21659,13,69.2,0,4,5,0,14,0,15
44,21,DEFENCE,90.27,12.9651,20,75,0,4,5,3,14,0,15
44,22,,92.15,12.31268,13,69.2,0,4,3,0,14,0,15
44,23,FORWARD,98.53,13.41952,9,66.7,0,3,1,0,14,0,15
44,25,DEFENCE,96.08,13.36823,21,66.7,0,1,10,2,14,0,15
44,27,DEFENCE,109.12,12.82204,19,78.9,0,1,8,0,14,0,15
44,35,MIDFIELD,99.78,11.11369,30,63.3,0,10,5,11,14,0,15
44,41,MIDFIELD,82.45,11.31041,23,47.8,0,10,3,1,14,0,15
44,42,FORWARD,103.53,13.74533,19,63.2,1,1,2,1,14,0,15
44,43,MIDFIELD,104.45,14.23434,18,77.8,0,13,1,4,14,0,15
44,44,FORWARD,82.05,11.02494,7,85.7,1,0,1,0,14,0,15
44,47,DEFENCE,113.18,12.99226,20,85,0,3,3,1,14,0,15
44,49,DEFENCE,100.77,11.24306,14,92.9,0,1,4,0,14,0,15
44,51,DEFENCE,81.88,11.13346,7,100,0,1,3,0,14,0,15
44,52,MIDFIELD,107.87,13.12728,13,69.2,0,2,1,4,14,0,15
44,53,DEFENCE,117.5,14.70062,24,83.3,0,1,3,2,14,0,15
45,2,DEFENCE,102.73,12.79887,18,72.2,0,4,6,0,11,10,11
45,7,MIDFIELD,78.93,11.23776,22,63.6,0,8,2,5,11,10,11
45,9,FORWARD,113.43,14.13861,14,57.1,0,1,6,0,11,10,11
45,13,FORWARD,119.5,13.31033,9,55.6,1,1,6,0,11,10,11
45,15,DEFENCE,100.58,12.77394,12,75,1,6,3,0,11,10,11
45,21,DEFENCE,89.03,13.1967,14,85.7,0,3,8,0,11,10,11
45,22,FORWARD,86.82,12.2776,18,77.8,2,1,4,0,11,10,11
45,23,FORWARD,93.57,12.27111,14,78.6,1,4,2,0,11,10,11
45,25,DEFENCE,89.78,12.38102,16,75,0,2,6,1,11,10,11
45,27,DEFENCE,116.53,14.83456,20,85,0,1,6,0,11,10,11
45,31,MIDFIELD,94.02,11.1949,32,78.1,0,5,6,5,11,10,11
45,35,MIDFIELD,100.28,11.01964,32,62.5,2,5,6,12,11,10,11
45,41,MIDFIELD,104.27,14.59622,28,71.4,2,4,11,2,11,10,11
45,42,FORWARD,102.72,13.78391,14,71.4,0,4,3,1,11,10,11
45,43,MIDFIELD,96.98,13.02606,18,83.3,0,12,1,2,11,10,11
45,44,FORWARD,78.75,10.99745,11,81.8,0,1,2,0,11,10,11
45,47,DEFENCE,104.78,12.64106,13,76.9,0,3,5,0,11,10,11
45,49,DEFENCE,99.92,11.933,21,100,0,3,6,0,11,10,11
45,50,FORWARD,85.55,10.54569,14,71.4,1,3,5,3,11,10,11
45,51,DEFENCE,92.32,13.21073,11,81.8,0,4,4,1,11,10,11
45,52,MIDFIELD,96.17,11.9974,17,70.6,0,3,0,6,11,10,11
45,53,DEFENCE,108.32,14.10716,27,92.6,0,0,6,0,11,10,11
46,2,DEFENCE,100,13.20689,18,61.1,0,2,5,1,44,2.6,11
46,3,FORWARD,82.62,11.56637,12,66.7,0,2,3,0,44,2.6,11
46,3,FORWARD,82.62,11.56637,12,66.7,0,2,3,0,44,2.6,11
46,7,MIDFIELD,85.18,11.91602,20,80,0,5,6,2,44,2.6,11
46,9,FORWARD,106.9,14.27666,14,92.9,2,4,6,0,44,2.6,11
46,13,DEFENCE,97,11.82786,15,86.7,0,1,7,0,44,2.6,11
46,15,DEFENCE,111.97,14.38581,13,76.9,0,1,0,1,44,2.6,11
46,21,DEFENCE,97.35,13.60959,12,58.3,0,3,2,0,44,2.6,11
46,22,MIDFIELD,95.87,13.6386,18,77.8,2,5,5,1,44,2.6,11
46,23,FORWARD,36.52,5.1261301,3,66.7,0,0,2,1,44,2.6,11
46,27,DEFENCE,112.83,14.38358,15,66.7,1,1,6,0,44,2.6,11
46,29,MIDFIELD,93.53,13.25017,17,82.4,0,4,5,2,44,2.6,11
46,31,MIDFIELD,94.15,11.93752,27,74.1,1,4,5,4,44,2.6,11
46,35,MIDFIELD,101.18,11.62711,33,81.8,1,6,3,10,44,2.6,11
46,41,MIDFIELD,104.3,14.59085,34,67.6,3,4,5,4,44,2.6,11
46,42,FORWARD,106.05,13.83333,16,68.8,1,1,3,1,44,2.6,11
46,43,MIDFIELD,98.83,12.89583,22,81.8,1,12,3,2,44,2.6,11
46,45,FORWARD,108.4,13.10902,20,55,2,1,10,0,44,2.6,11
46,47,DEFENCE,107.8,13.3916,15,93.3,0,1,7,1,44,2.6,11
46,49,DEFENCE,103.62,12.61221,18,83.3,0,2,8,1,44,2.6,11
46,50,FORWARD,105.25,13.08258,5,40,1,4,3,0,44,2.6,11
46,52,MIDFIELD,101,12.45557,14,71.4,0,6,3,2,44,2.6,11
46,53,DEFENCE,118.7,15.86847,16,81.3,0,2,2,0,44,2.6,11
47,2,DEFENCE,107.45,12.98269,19,63.2,0,2,8,0,-51,4,12
47,3,FORWARD,98.75,13.14482,12,58.3,0,2,2,1,-51,4,12
47,7,MIDFIELD,40.12,5.2934599,9,77.8,0,2,2,1,-51,4,12
47,13,,125.08,13.30613,8,50,1,3,1,0,-51,4,12
47,15,DEFENCE,111.07,13.12134,11,81.8,0,8,4,0,-51,4,12
47,21,MIDFIELD,75.88,10.83087,10,80,0,1,2,0,-51,4,12
47,22,FORWARD,102.57,13.64964,8,37.5,0,6,1,1,-51,4,12
47,24,,100.78,12.50882,19,78.9,0,5,1,6,-51,4,12
47,27,DEFENCE,118.28,14.82654,8,75,0,7,3,0,-51,4,12
47,29,MIDFIELD,96.68,13.85351,12,75,0,4,4,2,-51,4,12
47,31,,109.55,13.11694,29,65.5,0,11,4,6,-51,4,12
47,35,,107.12,12.39422,31,45.2,1,5,5,3,-51,4,12
47,41,,108.82,15.27921,15,46.7,0,4,1,2,-51,4,12
47,43,,101.87,13.55405,27,66.7,0,8,2,7,-51,4,12
47,45,,120.9,15.24642,15,66.7,1,2,6,3,-51,4,12
47,47,DEFENCE,107.05,11.88743,16,62.5,0,3,3,0,-51,4,12
47,49,DEFENCE,103.57,12.59393,11,45.5,0,5,2,1,-51,4,12
47,51,DEFENCE,103.65,14.3359,13,61.5,0,3,5,0,-51,4,12
47,52,MIDFIELD,96.82,12.40142,11,63.6,0,5,2,2,-51,4,12
47,53,DEFENCE,122.8,15.07304,27,63,0,2,4,3,-51,4,12
50,3,FORWARD,111.5,14.40992,22,68.2,2,4,3,2,3,13,20
50,6,FORWARD,108.2,15.14772,11,63.6,0,3,2,0,3,13,20
50,7,DEFENCE,112.98,13.04514,20,80,1,0,3,1,3,13,20
50,9,FORWARD,105.92,13.67142,15,66.7,4,0,6,0,3,13,20
50,10,FORWARD,88.97,10.95783,8,87.5,1,0,5,1,3,13,20
50,11,MIDFIELD,120.1,14.54152,39,61.5,1,1,5,2,3,13,20
50,13,DEFENCE,25.28,2.8067701,4,100,0,0,2,0,3,13,20
50,15,DEFENCE,109.23,12.29157,10,90,0,1,4,1,3,13,20
50,21,DEFENCE,109.68,14.06597,20,80,0,1,5,0,3,13,20
50,22,MIDFIELD,107.32,14.67499,24,50,1,5,5,1,3,13,20
50,23,MIDFIELD,108.23,15.25784,17,76.5,1,2,8,2,3,13,20
50,24,MIDFIELD,101.87,12.65501,39,79.5,0,5,4,8,3,13,20
50,26,FORWARD,100.25,12.92287,20,70,1,2,4,2,3,13,20
50,29,DEFENCE,120.73,17.07542,9,88.9,0,4,1,1,3,13,20
50,31,MIDFIELD,110.4,13.92466,26,65.4,0,4,10,2,3,13,20
50,41,FORWARD,98.9,14.43228,18,72.2,0,6,4,5,3,13,20
50,45,FORWARD,119.43,13.53136,14,57.1,0,1,6,1,3,13,20
50,46,MIDFIELD,117.3,15.1462,27,70.4,1,2,3,3,3,13,20
50,49,DEFENCE,110.87,12.73483,17,82.4,0,0,7,0,3,13,20
50,51,DEFENCE,105.42,14.26697,22,77.3,0,2,6,0,3,13,20
50,52,MIDFIELD,90.38,11.95082,11,90.9,1,2,3,4,3,13,20
50,53,DEFENCE,125.62,15.15561,25,64,0,0,7,0,3,13,20
51,3,FORWARD,105.2,13.53704,15,86.7,1,5,1,2,-1,0,10
51,6,FORWARD,106.6,13.97177,11,63.6,1,2,5,1,-1,0,10
51,7,DEFENCE,119.15,14.1166,25,88,0,1,3,0,-1,0,10
51,9,FORWARD,115.83,14.48892,17,82.4,4,2,7,0,-1,0,10
51,11,MIDFIELD,125.58,14.91367,35,71.4,1,6,7,4,-1,0,10
51,15,DEFENCE,116.6,13.57423,8,75,0,2,5,0,-1,0,10
51,19,,45.25,5.7150102,5,100,0,2,2,0,-1,0,10
51,21,DEFENCE,114.42,12.82837,15,93.3,0,0,5,0,-1,0,10
51,23,MIDFIELD,112.73,15.1208,7,85.7,2,1,3,0,-1,0,10
51,24,MIDFIELD,110.27,12.96279,29,82.8,1,5,5,10,-1,0,10
51,26,FORWARD,83.48,10.59969,8,87.5,1,3,1,1,-1,0,10
51,29,MIDFIELD,117.73,16.08692,18,83.3,0,4,5,3,-1,0,10
51,32,MIDFIELD,112.93,14.44832,12,83.3,0,2,7,0,-1,0,10
51,33,FORWARD,99.83,12.66117,10,60,0,1,1,2,-1,0,10
51,35,MIDFIELD,119.45,12.08781,31,64.5,2,3,4,5,-1,0,10
51,38,,112.5,12.54835,11,81.8,2,2,2,2,-1,0,10
51,41,FORWARD,87.85,12.26154,14,57.1,1,0,4,1,-1,0,10
51,45,FORWARD,126.03,14.44781,11,54.5,1,3,7,1,-1,0,10
51,46,MIDFIELD,116.02,15.34498,27,66.7,1,4,6,4,-1,0,10
51,49,DEFENCE,118.28,12.68405,24,91.7,0,2,7,0,-1,0,10
51,51,DEFENCE,123.9,14.77397,12,66.7,0,1,5,1,-1,0,10
51,53,DEFENCE,129.52,15.13638,27,77.8,0,0,10,2,-1,0,10
52,3,FORWARD,114.82,14.03808,20,65,0,4,5,0,-15,0,10
52,6,FORWARD,111.53,14.89076,17,58.8,0,3,6,1,-15,0,10
52,7,,30.05,3.64818,4,50,0,0,0,0,-15,0,10
52,9,FORWARD,126.13,14.80395,8,87.5,1,0,5,0,-15,0,10
52,10,FORWARD,114.6,13.0087,14,71.4,2,2,8,1,-15,0,10
52,11,MIDFIELD,86.47,11.31856,26,76.9,0,1,2,5,-15,0,10
52,15,DEFENCE,122.07,14.43028,22,77.3,1,0,8,1,-15,0,10
52,19,,123.72,14.41496,16,81.3,0,1,6,0,-15,0,10
52,21,DEFENCE,118.3,14.23394,16,75,0,1,9,0,-15,0,10
52,23,MIDFIELD,104.63,14.90704,12,83.3,0,2,3,0,-15,0,10
52,24,MIDFIELD,109.53,13.677,21,66.7,0,7,5,3,-15,0,10
52,26,FORWARD,115.8,13.76371,14,57.1,1,1,4,0,-15,0,10
52,29,MIDFIELD,107.95,14.00688,12,75,0,8,2,3,-15,0,10
52,33,MIDFIELD,62.6,8.4588804,15,60,0,3,5,2,-15,0,10
52,35,MIDFIELD,112.13,12.9345,33,63.6,0,3,2,10,-15,0,10
52,41,FORWARD,115.98,16.26362,29,79.3,1,7,6,4,-15,0,10
52,43,MIDFIELD,115.5,15.13336,14,85.7,0,6,2,2,-15,0,10
52,45,FORWARD,127.9,14.34688,15,60,3,2,7,0,-15,0,10
52,46,MIDFIELD,104.48,14.4256,19,73.7,1,5,3,5,-15,0,10
52,49,DEFENCE,119.32,13.64695,20,85,0,2,8,0,-15,0,10
52,51,DEFENCE,108.55,14.54269,14,71.4,0,2,5,0,-15,0,10
52,53,DEFENCE,124.23,15.99401,22,81.8,1,2,4,2,-15,0,10
53,3,MIDFIELD,100.15,13.05995,28,71.4,3,7,6,3,47,7.2,12
53,6,FORWARD,44.1,5.8702502,2,100,0,2,0,0,47,7.2,12
53,9,FORWARD,105.62,12.73737,16,43.8,5,1,2,0,47,7.2,12
53,10,FORWARD,89.85,10.52769,6,66.7,0,3,3,1,47,7.2,12
53,15,DEFENCE,108.77,13.38425,15,73.3,0,1,7,0,47,7.2,12
53,18,MIDFIELD,115,15.722,21,81,2,3,5,2,47,7.2,12
53,19,DEFENCE,111.75,14.47993,7,57.1,0,6,3,0,47,7.2,12
53,21,DEFENCE,100.72,14.11771,14,85.7,0,2,5,1,47,7.2,12
53,22,MIDFIELD,101.15,14.45823,17,76.5,0,2,5,0,47,7.2,12
53,24,MIDFIELD,103.58,13.25825,27,59.3,0,7,2,5,47,7.2,12
53,26,FORWARD,108.33,14.06844,18,55.6,0,3,2,0,47,7.2,12
53,29,DEFENCE,119.27,16.599291,13,76.9,0,2,3,0,47,7.2,12
53,31,MIDFIELD,100.75,12.73197,21,81,0,4,8,3,47,7.2,12
53,35,MIDFIELD,95.2,11.08738,25,52,0,6,2,5,47,7.2,12
53,38,,103.67,12.44735,11,72.7,1,1,4,2,47,7.2,12
53,41,FORWARD,99.58,14.47401,22,86.4,2,6,9,1,47,7.2,12
53,43,MIDFIELD,104.05,14.11745,19,63.2,0,9,1,2,47,7.2,12
53,45,FORWARD,110.7,12.47574,8,75,0,2,2,1,47,7.2,12
53,46,MIDFIELD,112.45,15.56851,15,80,2,3,2,2,47,7.2,12
53,49,DEFENCE,103.32,12.52035,20,70,0,0,8,0,47,7.2,12
53,51,DEFENCE,97.43,13.33316,6,83.3,0,1,2,0,47,7.2,12
53,53,DEFENCE,122.52,15.58277,29,65.5,0,0,6,1,47,7.2,12
54,3,FORWARD,118.02,14.2113,23,69.6,0,7,2,3,34,0,2
54,9,FORWARD,115.32,13.59047,13,69.2,1,0,4,0,34,0,2
54,10,FORWARD,102.35,11.76919,7,57.1,1,4,1,1,34,0,2
54,12,MIDFIELD,96.27,12.85257,26,69.2,2,8,5,6,34,0,2
54,15,DEFENCE,116.63,13.73069,9,77.8,0,1,5,0,34,0,2
54,18,MIDFIELD,108.4,14.80038,15,66.7,0,1,4,2,34,0,2
54,19,DEFENCE,107.55,13.5026,7,85.7,0,1,3,0,34,0,2
54,19,DEFENCE,107.55,13.5026,7,85.7,0,1,3,0,34,0,2
54,21,DEFENCE,111.55,14.56166,8,75,0,1,3,0,34,0,2
54,22,MIDFIELD,107.45,14.57043,16,62.5,1,4,5,1,34,0,2
54,23,FORWARD,117.93,15.8836,9,55.6,2,0,2,0,34,0,2
54,24,MIDFIELD,102.52,12.63343,29,48.3,0,7,3,6,34,0,2
54,25,DEFENCE,107.7,13.87582,12,75,0,3,4,1,34,0,2
54,26,FORWARD,110.28,13.80411,17,64.7,1,10,2,2,34,0,2
54,29,DEFENCE,128.2,16.50585,11,90.9,0,3,2,1,34,0,2
54,31,MIDFIELD,104.73,13.49169,22,72.7,1,3,5,4,34,0,2
54,35,FORWARD,111.02,12.06302,28,82.1,1,4,3,3,34,0,2
54,38,,97.82,11.87927,10,80,0,5,0,3,34,0,2
54,41,,118.22,16.277201,27,70.4,1,7,3,5,34,0,2
54,43,MIDFIELD,42.35,6.07232,6,83.3,0,2,2,1,34,0,2
54,43,MIDFIELD,42.35,6.07232,6,83.3,0,2,2,1,34,0,2
54,46,MIDFIELD,114.35,15.28033,20,80,1,5,0,4,34,0,2
54,49,DEFENCE,108.83,12.48867,16,81.3,0,2,5,0,34,0,2
54,53,DEFENCE,125.4,15.24106,16,43.8,0,3,3,1,34,0,2
55,6,FORWARD,89.77,12.08641,9,66.7,1,4,1,0,-17,0,8
55,10,FORWARD,102.58,11.0014,11,72.7,0,2,3,0,-17,0,8
55,12,MIDFIELD,33.27,4.5506701,7,57.1,0,1,1,2,-17,0,8
55,15,DEFENCE,112.68,13.89763,8,75,0,5,1,1,-17,0,8
55,18,MIDFIELD,102.95,13.72307,21,57.1,0,4,7,1,-17,0,8
55,19,DEFENCE,105.93,13.19918,13,46.2,0,0,4,0,-17,0,8
55,21,DEFENCE,108.3,13.54605,11,90.9,0,4,5,0,-17,0,8
55,22,MIDFIELD,106.75,14.38375,14,71.4,0,6,3,0,-17,0,8
55,23,FORWARD,97.07,12.55308,14,57.1,2,1,1,0,-17,0,8
55,24,MIDFIELD,110,13.29707,23,69.6,1,6,2,5,-17,0,8
55,25,,97.83,13.59764,17,64.7,0,1,1,2,-17,0,8
55,26,FORWARD,105.68,13.23676,11,72.7,0,4,0,0,-17,0,8
55,29,DEFENCE,122.6,16.554569,13,92.3,0,4,5,0,-17,0,8
55,31,MIDFIELD,111.23,13.64553,24,58.3,0,7,4,4,-17,0,8
55,35,MIDFIELD,106.42,12.13258,22,81.8,1,3,3,5,-17,0,8
55,38,MIDFIELD,105.98,12.23911,10,80,1,2,2,5,-17,0,8
55,41,FORWARD,100.47,14.43722,22,45.5,1,6,2,3,-17,0,8
55,45,FORWARD,117.03,13.08417,18,55.6,2,2,9,2,-17,0,8
55,46,MIDFIELD,102.03,14.12781,19,52.6,1,5,2,4,-17,0,8
55,49,DEFENCE,106.87,12.59017,15,73.3,0,4,1,0,-17,0,8
55,51,DEFENCE,106.1,14.76606,4,50,0,0,3,0,-17,0,8
55,53,DEFENCE,118.52,14.97658,13,38.5,0,3,3,0,-17,0,8
56,6,FORWARD,98.52,13.32744,11,90.9,1,2,4,0,61,0.4,12
56,10,FORWARD,90.88,10.05205,8,87.5,2,3,3,2,61,0.4,12
56,15,DEFENCE,96.43,11.87307,13,76.9,0,2,4,2,61,0.4,12
56,18,MIDFIELD,103.93,14.59631,17,64.7,0,1,6,0,61,0.4,12
56,19,DEFENCE,103.37,13.6744,18,77.8,0,3,11,0,61,0.4,12
56,21,DEFENCE,103.38,14.27999,14,78.6,0,1,6,1,61,0.4,12
56,22,MIDFIELD,94.63,13.27311,20,90,1,4,6,1,61,0.4,12
56,24,MIDFIELD,94.2,12.40598,25,76,0,9,7,5,61,0.4,12
56,25,MIDFIELD,90.68,12.49129,22,68.2,1,0,7,3,61,0.4,12
56,26,FORWARD,101.2,13.20417,13,53.8,0,8,1,0,61,0.4,12
56,29,DEFENCE,121.87,16.958361,23,78.3,0,2,9,0,61,0.4,12
56,31,MIDFIELD,91.28,11.83787,33,69.7,0,3,8,8,61,0.4,12
56,35,MIDFIELD,100.08,11.28688,27,59.3,2,4,5,2,61,0.4,12
56,38,MIDFIELD,98.2,12.07485,17,70.6,0,5,6,3,61,0.4,12
56,39,FORWARD,103.78,13.11786,11,81.8,2,3,4,0,61,0.4,12
56,41,FORWARD,102.02,14.00099,18,77.8,0,3,3,3,61,0.4,12
56,43,MIDFIELD,94.68,12.64147,18,77.8,0,7,3,3,61,0.4,12
56,43,MIDFIELD,94.68,12.64147,18,77.8,0,7,3,3,61,0.4,12
56,46,MIDFIELD,103.05,13.89725,30,56.7,0,3,2,5,61,0.4,12
56,49,DEFENCE,110.7,13.40278,24,83.3,1,1,12,1,61,0.4,12
56,51,DEFENCE,91.97,12.72582,17,52.9,0,1,3,0,61,0.4,12
56,53,DEFENCE,105.03,14.07386,22,81.8,0,0,9,1,61,0.4,12
57,6,FORWARD,97.48,13.88591,10,70,0,5,1,1,21,12.4,14
57,10,FORWARD,89.67,10.5759,15,60,1,0,3,0,21,12.4,14
57,11,MIDFIELD,96.1,12.87551,32,71.9,1,2,5,4,21,12.4,14
57,12,MIDFIELD,67.6,9.7696304,15,80,1,6,0,1,21,12.4,14
57,13,DEFENCE,99.05,12.56081,20,85,0,0,6,0,21,12.4,14
57,15,DEFENCE,85.97,11.51745,7,71.4,0,0,2,0,21,12.4,14
57,18,MIDFIELD,100.6,13.95127,18,55.6,0,1,5,2,21,12.4,14
57,19,DEFENCE,89.78,11.99347,6,50,0,3,3,0,21,12.4,14
57,21,DEFENCE,97.68,13.31916,7,85.7,0,1,3,1,21,12.4,14
57,22,MIDFIELD,98.1,14.1643,9,88.9,0,2,4,0,21,12.4,14
57,23,FORWARD,91.8,13.21024,17,64.7,0,4,3,1,21,12.4,14
57,24,MIDFIELD,93.03,12.5299,25,48,0,4,5,4,21,12.4,14
57,25,MIDFIELD,93.33,13.07199,16,75,1,5,3,1,21,12.4,14
57,29,DEFENCE,110.12,16.149771,17,76.5,0,5,7,1,21,12.4,14
57,31,MIDFIELD,86.27,11.53831,25,76,0,4,6,6,21,12.4,14
57,35,,99.68,11.36512,26,65.4,1,7,1,2,21,12.4,14
57,39,FORWARD,97.68,12.55858,11,63.6,1,2,6,0,21,12.4,14
57,41,FORWARD,91.52,13.52096,24,66.7,3,2,10,4,21,12.4,14
57,46,MIDFIELD,93.63,13.29052,22,77.3,0,2,1,6,21,12.4,14
57,49,DEFENCE,98.22,11.93877,28,78.6,0,2,9,2,21,12.4,14
57,52,MIDFIELD,82.02,10.85676,10,70,0,2,0,0,21,12.4,14
57,53,DEFENCE,101.4,13.55883,18,83.3,0,2,3,0,21,12.4,14
58,6,FORWARD,97.08,13.48133,9,66.7,0,4,1,1,-34,2.8,10
58,11,,89.8,11.72096,17,58.8,0,1,1,1,-34,2.8,10
58,12,MIDFIELD,87.87,12.92663,17,58.8,0,0,1,3,-34,2.8,10
58,13,DEFENCE,91.07,11.5655,7,71.4,0,0,3,0,-34,2.8,10
58,15,DEFENCE,97.03,12.86117,9,44.4,0,2,2,0,-34,2.8,10
58,18,MIDFIELD,93.27,13.09325,15,80,0,2,3,1,-34,2.8,10
58,19,DEFENCE,85.77,10.94498,10,90,0,4,5,0,-34,2.8,10
58,21,DEFENCE,104.95,14.31867,15,93.3,0,2,4,1,-34,2.8,10
58,22,MIDFIELD,93.93,12.92211,8,75,0,6,1,1,-34,2.8,10
58,23,FORWARD,81.02,11.44987,11,72.7,0,5,5,0,-34,2.8,10
58,24,MIDFIELD,93.7,12.63749,30,60,1,6,6,4,-34,2.8,10
58,25,MIDFIELD,81.73,11.64389,13,76.9,0,1,6,1,-34,2.8,10
58,29,DEFENCE,100.77,14.55625,18,66.7,0,2,3,1,-34,2.8,10
58,31,MIDFIELD,90.93,11.96108,26,84.6,0,4,8,4,-34,2.8,10
58,35,MIDFIELD,98,12.30468,27,70.4,2,6,3,6,-34,2.8,10
58,39,FORWARD,99.7,12.77507,15,73.3,1,2,7,0,-34,2.8,10
58,41,FORWARD,91.95,12.96666,16,75,0,5,3,1,-34,2.8,10
58,45,FORWARD,106.63,12.69005,20,80,3,2,9,0,-34,2.8,10
58,46,MIDFIELD,89.75,12.4466,16,43.8,0,3,4,1,-34,2.8,10
58,49,DEFENCE,97.97,12.95803,16,68.8,0,3,3,0,-34,2.8,10
58,52,MIDFIELD,91.55,12.00024,8,62.5,0,4,2,3,-34,2.8,10
58,53,DEFENCE,111.1,14.79197,27,81.5,0,4,6,2,-34,2.8,10
59,1,DEFENCE,101.95,13.91676,18,77.8,0,4,8,1,28,0,1
59,3,FORWARD,97.5,12.25358,18,55.6,0,2,2,1,28,0,1
59,6,FORWARD,104.62,13.96013,5,80,0,9,1,0,28,0,1
59,10,FORWARD,31.58,3.85092,0,0,0,1,0,0,28,0,1
59,11,MIDFIELD,89.22,11.92145,25,60,1,4,8,2,28,0,1
59,15,DEFENCE,105.23,13.55417,6,83.3,0,0,4,1,28,0,1
59,18,MIDFIELD,100.92,13.49638,16,75,1,2,3,2,28,0,1
59,19,DEFENCE,94.9,12.10437,16,62.5,0,6,5,1,28,0,1
59,20,FORWARD,94.82,12.42247,8,50,1,1,0,0,28,0,1
59,21,DEFENCE,99.98,13.61076,12,58.3,0,1,5,0,28,0,1
59,22,MIDFIELD,88.78,12.39953,17,82.4,1,2,4,2,28,0,1
59,24,MIDFIELD,97.13,12.64705,20,80,0,6,5,6,28,0,1
59,29,DEFENCE,118.62,16.58946,17,76.5,0,0,4,0,28,0,1
59,31,MIDFIELD,97.4,12.46589,27,85.2,0,0,7,4,28,0,1
59,35,MIDFIELD,99.87,11.99298,29,55.2,1,3,4,8,28,0,1
59,38,,107.3,13.45315,9,55.6,0,4,5,1,28,0,1
59,39,FORWARD,106.33,13.02965,9,44.4,1,2,3,0,28,0,1
59,41,FORWARD,96.62,13.73892,23,73.9,2,10,4,2,28,0,1
59,45,FORWARD,99.67,11.27756,11,63.6,3,5,6,0,28,0,1
59,46,MIDFIELD,102.45,13.94436,15,46.7,0,4,2,5,28,0,1
59,49,DEFENCE,102.33,12.69018,28,78.6,0,2,12,1,28,0,1
59,53,DEFENCE,108.23,14.01999,17,76.5,0,3,5,1,28,0,1
60,1,DEFENCE,92.27,12.45906,16,87.5,0,3,7,0,85,0,4
60,3,FORWARD,90.92,11.93737,12,66.7,1,7,2,0,85,0,4
60,11,MIDFIELD,96.95,12.83525,37,70.3,3,0,6,3,85,0,4
60,15,DEFENCE,92.13,12.36481,13,92.3,0,0,5,0,85,0,4
60,18,MIDFIELD,97.82,13.20184,24,83.3,0,0,6,1,85,0,4
60,19,DEFENCE,97.9,12.79312,5,100,0,1,3,0,85,0,4
60,20,FORWARD,99.87,13.224,14,57.1,1,2,4,0,85,0,4
60,21,DEFENCE,97.68,12.96358,16,87.5,0,0,5,1,85,0,4
60,22,MIDFIELD,90.62,12.86788,22,90.9,0,0,6,1,85,0,4
60,24,MIDFIELD,96.5,12.45277,33,84.8,1,4,8,6,85,0,4
60,26,FORWARD,75.27,10.39142,17,76.5,0,2,6,0,85,0,4
60,28,FORWARD,84.92,11.01391,14,64.3,2,3,5,0,85,0,4
60,29,DEFENCE,114.63,14.77049,18,94.4,0,3,6,0,85,0,4
60,31,MIDFIELD,101.33,13.18622,32,84.4,1,1,5,1,85,0,4
60,35,MIDFIELD,87.35,11.16868,28,75,1,5,4,7,85,0,4
60,38,,100.3,12.73157,8,87.5,0,2,3,1,85,0,4
60,41,,87.58,12.65196,30,73.3,2,6,6,2,85,0,4
60,45,FORWARD,106.77,12.9097,14,57.1,3,1,7,1,85,0,4
60,46,MIDFIELD,94.75,13.64141,24,79.2,2,4,5,5,85,0,4
60,49,DEFENCE,98.6,12.63091,28,92.9,0,1,10,1,85,0,4
60,50,,82.65,10.39525,7,57.1,0,1,4,0,85,0,4
60,53,DEFENCE,108.98,14.85447,24,91.7,0,0,4,1,85,0,4
61,1,DEFENCE,49.75,6.8551002,6,66.7,0,2,2,0,37,0,5
61,3,FORWARD,103.27,12.63394,19,78.9,0,5,3,0,37,0,5
61,11,MIDFIELD,97.27,12.6349,34,79.4,1,8,5,7,37,0,5
61,15,DEFENCE,100.75,12.3898,15,66.7,1,4,4,0,37,0,5
61,18,MIDFIELD,102.62,13.38243,26,69.2,1,2,5,2,37,0,5
61,19,DEFENCE,103.52,13.00979,15,73.3,0,2,8,0,37,0,5
61,20,FORWARD,89.73,12.57247,6,83.3,1,5,3,0,37,0,5
61,21,DEFENCE,98.95,12.86736,16,75,0,2,9,0,37,0,5
61,22,MIDFIELD,94.68,12.94937,20,95,0,5,6,0,37,0,5
61,23,FORWARD,92.75,12.91829,16,81.3,1,2,4,1,37,0,5
61,24,MIDFIELD,93.15,11.39136,27,85.2,0,8,4,2,37,0,5
61,26,DEFENCE,90.48,12.13905,16,87.5,0,2,2,0,37,0,5
61,29,,112.15,15.02451,18,88.9,0,0,7,1,37,0,5
61,31,MIDFIELD,105.48,13.30058,22,77.3,1,6,8,0,37,0,5
61,35,MIDFIELD,98.58,11.31512,24,66.7,2,5,5,1,37,0,5
61,38,MIDFIELD,100.25,11.98882,17,70.6,0,1,3,6,37,0,5
61,41,MIDFIELD,84.63,12.24918,24,66.7,0,2,9,1,37,0,5
61,45,FORWARD,110.1,13.00209,23,69.6,3,2,11,0,37,0,5
61,46,MIDFIELD,98.5,13.73105,19,78.9,1,4,5,5,37,0,5
61,49,DEFENCE,95.28,11.30729,26,80.8,0,3,7,1,37,0,5
61,50,FORWARD,98.3,11.60646,7,100,1,2,4,0,37,0,5
61,53,DEFENCE,109.97,14.69014,22,90.9,1,1,7,0,37,0,5
62,3,FORWARD,97.5,12.40126,13,69.2,1,3,3,0,-18,17.8,20
62,11,MIDFIELD,101.7,13.11293,25,60,1,3,3,7,-18,17.8,20
62,15,DEFENCE,107.08,13.15804,14,57.1,0,3,4,0,-18,17.8,20
62,18,MIDFIELD,99.65,13.43059,19,78.9,0,3,3,2,-18,17.8,20
62,19,DEFENCE,109.53,14.14009,7,28.6,0,4,1,0,-18,17.8,20
62,21,DEFENCE,108.15,13.85801,9,66.7,0,2,2,0,-18,17.8,20
62,22,MIDFIELD,101.27,13.88533,9,55.6,0,2,1,1,-18,17.8,20
62,23,FORWARD,84.6,11.57481,14,64.3,1,1,1,0,-18,17.8,20
62,24,MIDFIELD,100.93,12.78568,29,58.6,2,4,5,5,-18,17.8,20
62,28,,73.7,10.47699,8,50,0,1,0,0,-18,17.8,20
62,29,DEFENCE,119.12,15.78669,18,88.9,0,2,3,0,-18,17.8,20
62,31,MIDFIELD,106.38,13.35395,22,72.7,0,2,2,6,-18,17.8,20
62,35,FORWARD,104.33,12.32628,20,70,0,4,2,4,-18,17.8,20
62,38,MIDFIELD,109.52,12.84817,16,81.3,1,6,2,4,-18,17.8,20
62,41,MIDFIELD,83.55,11.6849,21,66.7,0,9,3,2,-18,17.8,20
62,49,DEFENCE,97.63,11.84141,24,79.2,0,0,4,1,-18,17.8,20
62,51,DEFENCE,83.07,11.81508,7,57.1,0,4,1,0,-18,17.8,20
62,53,DEFENCE,116.45,15.16175,21,61.9,0,0,2,3,-18,17.8,20
63,3,FORWARD,99.53,12.58549,13,61.5,1,5,1,0,-2,0,0
63,7,DEFENCE,97.38,11.99577,22,95.5,0,3,7,0,-2,0,0
63,11,,98.42,12.34749,31,71,1,2,8,4,-2,0,0
63,13,FORWARD,88.05,10.53497,17,70.6,2,3,5,3,-2,0,0
63,15,DEFENCE,95.07,12.25343,8,87.5,0,2,0,1,-2,0,0
63,18,MIDFIELD,99.63,13.19251,8,62.5,0,4,1,0,-2,0,0
63,19,DEFENCE,95.98,12.13786,12,83.3,0,6,6,0,-2,0,0
63,21,DEFENCE,107.1,13.54354,7,85.7,0,1,0,0,-2,0,0
63,22,MIDFIELD,98.12,13.98434,11,72.7,1,6,2,0,-2,0,0
63,23,FORWARD,91.75,12.38552,9,77.8,0,3,1,0,-2,0,0
63,24,MIDFIELD,98.47,12.32564,34,76.5,0,6,4,9,-2,0,0
63,26,FORWARD,90.83,12.05862,13,69.2,0,0,4,0,-2,0,0
63,29,DEFENCE,117.25,14.94927,14,78.6,0,4,5,0,-2,0,0
63,31,MIDFIELD,101.2,12.91118,27,92.6,0,4,8,3,-2,0,0
63,35,MIDFIELD,96.67,11.08691,31,77.4,1,1,5,4,-2,0,0
63,36,FORWARD,82.88,10.64956,14,71.4,2,6,4,2,-2,0,0
63,38,MIDFIELD,100.32,12.61299,19,94.7,1,3,4,6,-2,0,0
63,41,FORWARD,106.05,14.9213,21,81,2,6,8,0,-2,0,0
63,45,FORWARD,110.12,13.11583,14,85.7,3,1,9,0,-2,0,0
63,46,MIDFIELD,95.6,13.27902,34,55.9,1,4,4,5,-2,0,0
63,49,DEFENCE,97.43,11.51799,21,81,0,3,2,1,-2,0,0
63,53,DEFENCE,109.83,13.90896,28,78.6,0,2,5,1,-2,0,0
64,3,FORWARD,87.08,11.6787,21,52.4,0,1,0,0,12,0,9
64,7,DEFENCE,88.13,10.96116,17,76.5,0,1,1,0,12,0,9
64,11,MIDFIELD,92.53,12.24655,17,82.4,0,2,3,2,12,0,9
64,13,FORWARD,101.8,11.83853,11,72.7,1,2,0,2,12,0,9
64,15,DEFENCE,99.05,13.11479,7,85.7,0,1,2,0,12,0,9
64,19,DEFENCE,96.97,12.20768,15,60,0,1,2,0,12,0,9
64,20,FORWARD,80.27,10.7553,10,60,0,11,3,0,12,0,9
64,21,DEFENCE,102.82,13.53005,16,62.5,0,3,4,0,12,0,9
64,22,MIDFIELD,82.82,11.99997,8,62.5,0,2,3,1,12,0,9
64,24,MIDFIELD,101.42,13.22618,28,71.4,0,9,5,5,12,0,9
64,26,FORWARD,90.6,11.95002,12,50,1,5,2,0,12,0,9
64,29,DEFENCE,118.05,14.02765,8,100,0,4,1,1,12,0,9
64,31,MIDFIELD,100.95,13.06539,32,71.9,0,1,5,5,12,0,9
64,35,MIDFIELD,95.9,11.7009,19,78.9,1,4,3,6,12,0,9
64,36,FORWARD,94.32,11.56377,12,66.7,1,1,0,1,12,0,9
64,38,MIDFIELD,97.93,12.50051,15,60,0,3,2,4,12,0,9
64,41,MIDFIELD,101.27,14.53552,25,48,0,2,6,4,12,0,9
64,43,MIDFIELD,85.9,12.34121,14,85.7,0,9,5,0,12,0,9
64,43,MIDFIELD,85.9,12.34121,14,85.7,0,9,5,0,12,0,9
64,45,FORWARD,108.13,12.30767,16,43.8,2,2,6,0,12,0,9
64,46,MIDFIELD,96.98,13.81302,21,57.1,2,5,4,5,12,0,9
64,49,DEFENCE,95.53,11.75538,23,78.3,0,2,5,0,12,0,9
64,53,DEFENCE,106.9,13.83534,27,85.2,0,0,6,1,12,0,9
65,3,FORWARD,96.25,12.47119,11,27.3,1,3,2,0,-15,4.6,1
65,7,DEFENCE,105.35,13.68306,16,87.5,0,3,2,1,-15,4.6,1
65,9,FORWARD,105.87,13.66157,6,83.3,1,1,0,1,-15,4.6,1
65,11,MIDFIELD,102.02,13.1214,32,68.8,0,5,2,10,-15,4.6,1
65,15,DEFENCE,111.25,14.26144,15,80,0,2,4,2,-15,4.6,1
65,19,DEFENCE,107.65,13.46766,8,75,0,3,2,0,-15,4.6,1
65,20,FORWARD,91.97,11.92796,7,71.4,0,2,2,0,-15,4.6,1
65,21,DEFENCE,108.48,13.68809,17,88.2,0,1,3,0,-15,4.6,1
65,24,MIDFIELD,99.2,13.32616,29,62.1,0,0,3,3,-15,4.6,1
65,29,,128.02,15.40178,15,60,0,3,6,0,-15,4.6,1
65,31,MIDFIELD,112.12,14.6424,23,78.3,1,4,3,4,-15,4.6,1
65,35,MIDFIELD,113.03,14.1193,33,60.6,3,10,5,8,-15,4.6,1
65,36,FORWARD,96.13,11.61535,15,80,1,1,3,2,-15,4.6,1
65,38,MIDFIELD,97.83,12.35781,18,61.1,0,3,4,4,-15,4.6,1
65,41,,106.93,14.48029,22,68.2,1,3,4,6,-15,4.6,1
65,43,MIDFIELD,97.47,13.41882,13,69.2,0,8,1,2,-15,4.6,1
65,44,FORWARD,86.63,11.61438,7,85.7,0,2,3,0,-15,4.6,1
65,45,FORWARD,118.43,13.04636,18,61.1,4,1,7,1,-15,4.6,1
65,46,MIDFIELD,110.98,15.32341,29,62.1,1,3,3,7,-15,4.6,1
65,49,DEFENCE,109.75,13.61872,17,58.8,0,3,3,1,-15,4.6,1
65,50,FORWARD,91.95,10.98264,8,75,0,4,1,1,-15,4.6,1
65,53,DEFENCE,109.25,13.82552,22,63.6,1,3,5,1,-15,4.6,1
66,3,FORWARD,99.73,12.79311,20,70,0,2,3,2,2,3.4,5
66,7,DEFENCE,83.13,10.88074,13,84.6,0,3,2,0,2,3.4,5
66,9,FORWARD,89.83,11.68162,9,88.9,0,1,4,0,2,3.4,5
66,11,MIDFIELD,103.68,13.74976,31,74.2,0,6,3,6,2,3.4,5
66,15,DEFENCE,108.85,13.85039,15,80,0,1,5,1,2,3.4,5
66,18,MIDFIELD,90.13,12.14708,18,66.7,0,1,6,1,2,3.4,5
66,19,FORWARD,103.1,13.87125,11,63.6,1,7,1,0,2,3.4,5
66,20,FORWARD,85.1,11.40123,8,50,1,1,0,0,2,3.4,5
66,21,DEFENCE,107.33,13.52365,17,76.5,0,3,7,0,2,3.4,5
66,24,MIDFIELD,93.7,12.06416,16,81.3,1,6,2,4,2,3.4,5
66,27,DEFENCE,112.63,14.26206,9,88.9,0,2,4,0,2,3.4,5
66,29,DEFENCE,125.57,16.23595,16,87.5,0,3,5,0,2,3.4,5
66,31,MIDFIELD,106.45,14.03737,31,67.7,1,2,11,2,2,3.4,5
66,35,MIDFIELD,106.2,12.62309,29,79.3,2,7,1,10,2,3.4,5
66,36,MIDFIELD,82.13,10.20189,7,71.4,0,3,2,1,2,3.4,5
66,38,MIDFIELD,111,13.47699,21,66.7,0,2,5,2,2,3.4,5
66,41,MIDFIELD,101.48,14.16425,30,66.7,0,6,5,3,2,3.4,5
66,45,FORWARD,118.07,13.29875,19,73.7,7,1,8,2,2,3.4,5
66,46,MIDFIELD,111.7,15.43021,32,59.4,1,2,6,5,2,3.4,5
66,49,DEFENCE,104.13,12.20238,22,77.3,0,2,6,1,2,3.4,5
66,53,DEFENCE,123.03,15.43823,24,79.2,2,1,8,1,2,3.4,5
67,3,FORWARD,100.53,12.76468,26,88.5,1,5,6,2,42,0,2
67,7,DEFENCE,100.2,12.79833,11,100,1,3,5,0,42,0,2
67,9,FORWARD,105.23,13.02023,11,90.9,3,2,5,1,42,0,2
67,11,MIDFIELD,105.03,13.09831,38,84.2,0,5,8,8,42,0,2
67,15,DEFENCE,98.55,11.2376,2,100,0,3,1,0,42,0,2
67,18,MIDFIELD,101.82,13.28465,23,82.6,0,5,7,3,42,0,2
67,19,FORWARD,101.2,12.98554,13,92.3,3,1,5,0,42,0,2
67,21,DEFENCE,109.35,14.38617,11,72.7,0,2,5,0,42,0,2
67,24,MIDFIELD,99.8,13.03016,22,77.3,0,1,5,2,42,0,2
67,26,FORWARD,82.38,10.93022,15,60,0,4,3,0,42,0,2
67,27,DEFENCE,109.42,13.9022,17,76.5,0,0,6,0,42,0,2
67,29,DEFENCE,121.42,15.49378,10,90,0,2,3,0,42,0,2
67,31,MIDFIELD,105.27,12.79556,28,82.1,0,3,10,0,42,0,2
67,35,MIDFIELD,104.1,11.69197,26,65.4,0,1,2,4,42,0,2
67,36,MIDFIELD,96.5,11.50869,12,75,0,1,3,1,42,0,2
67,38,MIDFIELD,91.45,10.22443,16,100,0,1,1,8,42,0,2
67,41,MIDFIELD,103.6,14.03737,27,92.6,1,0,9,3,42,0,2
67,43,MIDFIELD,102.22,13.90482,23,87,2,6,5,2,42,0,2
67,43,MIDFIELD,102.22,13.90482,23,87,2,6,5,2,42,0,2
67,45,FORWARD,107.82,12.45774,22,63.6,7,1,10,0,42,0,2
67,46,MIDFIELD,108.7,14.54878,16,43.8,0,2,2,1,42,0,2
67,49,,16.92,2.12795,4,75,0,1,0,0,42,0,2
67,53,DEFENCE,111.43,13.95167,26,80.8,0,0,4,1,42,0,2
68,3,FORWARD,94.87,12.338,16,75,0,5,0,3,-3,0,12
68,7,DEFENCE,104.23,13.90917,20,65,1,8,3,1,-3,0,12
68,9,FORWARD,105.15,13.3383,11,54.5,3,0,5,0,-3,0,12
68,11,MIDFIELD,87.57,12.04354,24,70.8,0,4,1,4,-3,0,12
68,15,DEFENCE,96.48,12.44556,9,55.6,0,2,0,1,-3,0,12
68,18,MIDFIELD,92.37,13.08562,16,68.8,0,1,3,0,-3,0,12
68,19,FORWARD,100.02,13.08349,9,55.6,1,3,2,1,-3,0,12
68,20,FORWARD,81.75,11.2274,7,71.4,0,4,2,0,-3,0,12
68,21,DEFENCE,93.62,12.32086,5,60,0,5,1,0,-3,0,12
68,24,MIDFIELD,99.25,13.02747,37,70.3,0,4,5,9,-3,0,12
68,25,MIDFIELD,79.6,12.17286,11,54.5,0,0,4,1,-3,0,12
68,26,FORWARD,87.93,11.93699,11,81.8,0,3,2,1,-3,0,12
68,27,DEFENCE,116.08,12.73333,15,66.7,0,1,1,0,-3,0,12
68,29,DEFENCE,121.8,15.04658,14,78.6,0,5,2,1,-3,0,12
68,31,MIDFIELD,109.07,13.7829,33,63.6,0,1,4,6,-3,0,12
68,35,MIDFIELD,105.02,13.37279,39,64.1,0,5,4,8,-3,0,12
68,37,MIDFIELD,101.53,13.60918,10,80,2,7,3,1,-3,0,12
68,41,MIDFIELD,87.13,12.51477,29,72.4,2,3,4,3,-3,0,12
68,43,DEFENCE,91.23,13.47474,16,62.5,0,7,2,2,-3,0,12
68,43,MIDFIELD,91.23,13.47474,16,62.5,0,7,2,2,-3,0,12
68,45,FORWARD,113.73,13.9676,13,61.5,1,1,4,0,-3,0,12
68,46,MIDFIELD,108.08,15.22808,36,52.8,1,3,3,4,-3,0,12
68,53,DEFENCE,114.55,14.87017,23,69.6,1,1,3,1,-3,0,12
69,3,FORWARD,98.5,12.63493,17,64.7,0,3,2,5,-11,10.4,12
69,7,DEFENCE,101.55,12.98671,13,84.6,0,5,2,1,-11,10.4,12
69,9,FORWARD,91.73,11.6094,7,71.4,1,1,2,0,-11,10.4,12
69,11,MIDFIELD,104.28,13.34877,32,71.9,3,8,5,7,-11,10.4,12
69,19,FORWARD,100.43,12.92025,12,66.7,1,1,4,3,-11,10.4,12
69,21,DEFENCE,107.67,14.23232,7,71.4,0,2,0,0,-11,10.4,12
69,23,FORWARD,89.28,12.60285,8,62.5,0,3,1,0,-11,10.4,12
69,24,MIDFIELD,95.13,12.68113,23,69.6,0,6,1,3,-11,10.4,12
69,26,FORWARD,94.62,12.34481,5,80,0,3,1,1,-11,10.4,12
69,27,DEFENCE,119.32,14.31354,16,81.3,0,7,4,0,-11,10.4,12
69,29,DEFENCE,112.62,15.23676,13,84.6,0,2,3,2,-11,10.4,12
69,31,MIDFIELD,111.18,13.95216,24,66.7,0,3,4,1,-11,10.4,12
69,32,MIDFIELD,88.53,12.51337,8,87.5,0,3,4,0,-11,10.4,12
69,35,MIDFIELD,99.7,11.71896,39,71.8,0,3,5,8,-11,10.4,12
69,36,MIDFIELD,77.97,9.9421301,13,76.9,1,2,1,2,-11,10.4,12
69,38,,35.33,4.2930102,4,100,0,2,1,0,-11,10.4,12
69,41,MIDFIELD,97.27,13.66782,30,63.3,0,6,8,1,-11,10.4,12
69,43,MIDFIELD,100.97,14.00183,18,83.3,0,6,3,1,-11,10.4,12
69,43,MIDFIELD,100.97,14.00183,18,83.3,0,6,3,1,-11,10.4,12
69,45,FORWARD,114.38,12.97621,14,50,1,1,9,0,-11,10.4,12
69,46,MIDFIELD,98.13,14.24706,17,64.7,1,2,2,4,-11,10.4,12
69,49,DEFENCE,104.2,12.705,11,63.6,0,5,1,0,-11,10.4,12
69,53,DEFENCE,99.25,12.74225,13,69.2,0,1,2,0,-11,10.4,12
70,3,FORWARD,96.15,12.13335,17,88.2,4,6,4,2,133,1.4,16
70,7,MIDFIELD,77.38,10.49123,17,82.4,0,3,2,3,133,1.4,16
70,9,FORWARD,80.88,10.37757,9,66.7,2,3,4,0,133,1.4,16
70,11,MIDFIELD,102.47,13.26715,25,76,1,4,2,2,133,1.4,16
70,13,DEFENCE,87.95,10.87923,5,80,1,0,2,0,133,1.4,16
70,19,FORWARD,88.73,11.84878,11,90.9,2,3,3,0,133,1.4,16
70,21,DEFENCE,98.4,13.77853,11,72.7,0,3,3,0,133,1.4,16
70,22,MIDFIELD,97.87,13.22187,20,80,1,5,5,0,133,1.4,16
70,24,MIDFIELD,96.5,12.54475,22,77.3,0,5,4,4,133,1.4,16
70,25,MIDFIELD,87.43,12.05385,18,72.2,1,4,6,0,133,1.4,16
70,27,DEFENCE,120.5,15.05824,20,95,0,3,5,0,133,1.4,16
70,29,DEFENCE,117.78,15.00193,11,72.7,0,2,3,2,133,1.4,16
70,31,MIDFIELD,100.12,12.33549,25,80,0,6,6,4,133,1.4,16
70,32,DEFENCE,106.6,14.55014,11,90.9,0,0,4,0,133,1.4,16
70,35,MIDFIELD,100.8,10.89573,24,66.7,0,8,6,4,133,1.4,16
70,37,MIDFIELD,101.58,13.30971,19,52.6,0,5,4,4,133,1.4,16
70,41,MIDFIELD,98.87,13.64009,27,85.2,1,2,6,2,133,1.4,16
70,43,FORWARD,100.15,13.4209,14,85.7,0,3,1,1,133,1.4,16
70,43,FORWARD,100.15,13.4209,14,85.7,0,3,1,1,133,1.4,16
70,45,FORWARD,106.68,12.03625,22,72.7,6,0,7,2,133,1.4,16
70,46,MIDFIELD,98.28,13.59987,26,73.1,3,6,3,5,133,1.4,16
70,49,DEFENCE,104.75,12.79256,20,65,0,1,7,0,133,1.4,16
70,53,DEFENCE,108.7,14.16553,17,88.2,2,1,2,1,133,1.4,16